season,celebrity_name,celebrity_industry,industry_group,age,age_bucket,celebrity_homecountry_region,celebrity_homestate,is_us,ballroom_partner,avg_score_rate,avg_voting_rate,base_popularity,placement,season_size,placement_encoded,pro_strength,age_young,age_mid,age_senior,indgrp_Athletic,indgrp_Performance,indgrp_Media,indgrp_Other
1,Evander Holyfield,Athlete,Athletic,42,mid,United States,Alabama,1,Edyta Sliwinska,0.5,0.10701737271983139,0.0955236264448548,5,6,0.33333333333333337,0.4724139819835949,0,1,0,1,0,0,0
1,Joey McIntyre,Singer/Rapper,Performance,32,mid,United States,Massachusetts,1,Ashly DelGrosso,0.7033333333333334,0.25216507905143065,0.2325472661704689,3,6,0.6666666666666667,0.3282377251839976,0,1,0,0,1,0,0
1,John O'Hurley,Actor/Actress,Performance,50,mid,United States,Maine,1,Charlotte Jorgensen,0.8055555555555555,0.32692056777944634,0.2995581007857626,2,6,0.8333333333333334,0.9003721314996378,0,1,0,0,1,0,0
1,Kelly Monaco,Actor/Actress,Performance,29,young,United States,Pennsylvania,1,Alec Mazo,0.7111111111111111,0.3740818609489761,0.3466050192813653,1,6,1.0,0.5001238357533935,1,0,0,0,1,0,0
1,Rachel Hunter,Model,Performance,35,mid,New Zealand,,0,Jonathan Roberts,0.7916666666666667,0.06747905401001726,0.0256774542406762,4,6,0.5,0.4561870399050518,0,1,0,0,1,0,0
1,Trista Sutter,TV Personality,Media,32,mid,United States,Indiana,1,Louis van Amstel,0.6166666666666667,0.0230231404623033,8.853307687200543e-05,6,6,0.16666666666666663,0.5684428409210787,0,1,0,0,0,1,0
2,Drew Lachey,Singer/Rapper,Performance,29,young,United States,Ohio,1,Cheryl Burke,0.9145825,0.2500501451302025,0.2380190347083467,1,10,1.0,0.7217516093455022,1,0,0,0,1,0,0
2,George Hamilton,Actor/Actress,Performance,66,senior,United States,Tennessee,1,Edyta Sliwinska,0.7222222222222222,0.0982815928263336,0.0852330717300252,5,10,0.6,0.4724139819835949,0,0,1,0,1,0,0
2,Giselle Fernandez,News Anchor,Media,44,mid,Mexico,,0,Jonathan Roberts,0.7666666666666666,0.02242243829141617,0.0016158457248880997,8,10,0.30000000000000004,0.4561870399050518,0,1,0,0,0,1,0
2,Jerry Rice,Athlete,Athletic,43,mid,United States,Mississippi,1,Anna Trebunskaya,0.7506941666666667,0.3259399968314754,0.3283157044269648,2,10,0.9,0.5093750394883365,0,1,0,1,0,0,0
2,Kenny Mayne,Sports Broadcaster,Media,46,mid,United States,Washington,1,Andrea Hale,0.4333333333333333,0.0105690684148836,9.172837586863284e-05,10,10,0.09999999999999998,0.010914927768860315,0,1,0,0,0,1,0
2,Lisa Rinna,Actor/Actress,Performance,42,mid,United States,California,1,Louis van Amstel,0.8023809523809524,0.1034227954088971,0.0858501085719889,4,10,0.7,0.5684428409210787,0,1,0,0,1,0,0
2,Master P,Singer/Rapper,Performance,35,mid,United States,Louisiana,1,Ashly DelGrosso,0.41666666666666663,0.07901823942076817,0.076762570390987,7,10,0.4,0.3282377251839976,0,1,0,0,1,0,0
2,Stacy Keibler,Athlete,Athletic,26,young,United States,Maryland,1,Tony Dovolani,0.9173604166666667,0.17785294240573923,0.1591023035988701,3,10,0.8,0.5490135348123275,1,0,0,1,0,0,0
2,Tatum O'Neal,Actor/Actress,Performance,42,mid,United States,California,1,Nick Kosovich,0.6666666666666667,0.019378405953816402,0.0007957371153266,9,10,0.19999999999999996,0.46437076123082444,0,1,0,0,1,0,0
2,Tia Carrere,Actor/Actress,Performance,39,mid,United States,Hawaii,1,Maksim Chmerkoskiy,0.7666666666666666,0.04458800947210806,0.0242138953567337,6,10,0.5,0.7335803208570171,0,1,0,0,1,0,0
3,Emmitt Smith,Athlete,Athletic,37,mid,United States,Florida,1,Cheryl Burke,0.8588886666666667,0.375952150617034,0.3764716112652029,1,11,1.0,0.7217516093455022,0,1,0,1,0,0,0
3,Harry Hamlin,Actor/Actress,Performance,54,mid,United States,California,1,Ashly DelGrosso,0.6666666666666666,0.024985689809722433,0.0098449220342888,9,11,0.2727272727272727,0.3282377251839976,0,1,0,0,1,0,0
3,Jerry Springer,TV Personality,Media,62,senior,England,,0,Kym Johnson,0.680952380952381,0.07569607432169181,0.0634740064587724,5,11,0.6363636363636364,0.6535080209879351,0,0,1,0,0,1,0
3,Joey Lawrence,Actor/Actress,Performance,30,mid,United States,Pennsylvania,1,Edyta Sliwinska,0.8629629629629629,0.1401903147463077,0.1283815986635589,3,11,0.8181818181818181,0.4724139819835949,0,1,0,0,1,0,0
3,Mario Lopez,Actor/Actress,Performance,32,mid,United States,California,1,Karina Smirnoff,0.8955553333333333,0.2656970433666289,0.2561739337121201,2,11,0.9090909090909091,0.6247749615162423,0,1,0,0,1,0,0
3,Monique Coleman,Actor/Actress,Performance,25,young,United States,South Carolina,1,Louis van Amstel,0.83125,0.0949664966041339,0.0782511124097295,4,11,0.7272727272727273,0.5684428409210787,1,0,0,0,1,0,0
3,Sara Evans,Singer/Rapper,Performance,35,mid,United States,Missouri,1,Tony Dovolani,0.7,0.059480851221009504,0.0462603879530435,6,11,0.5454545454545454,0.5490135348123275,0,1,0,0,1,0,0
3,Shanna Moakler,Model,Performance,31,mid,United States,Rhode Island,1,Jesse DeSoto,0.6666666666666666,0.012360516534669599,0.0005116329225425,10,11,0.18181818181818177,0.3210109726887554,0,1,0,0,1,0,0
3,Tucker Carlson,TV Personality,Media,37,mid,United States,California,1,Elena Grinenko,0.4,0.0079666379728349,9.143840327314644e-05,11,11,0.09090909090909094,0.12358113353210973,0,1,0,0,0,1,0
3,Vivica A. Fox,Actor/Actress,Performance,42,mid,United States,Indiana,1,Nick Kosovich,0.8083333333333333,0.024592335564913276,0.0053857818950889,8,11,0.36363636363636365,0.46437076123082444,0,1,0,0,1,0,0
3,Willa Ford,Singer/Rapper,Performance,25,young,United States,Florida,1,Maksim Chmerkoskiy,0.8133333333333332,0.052622796782283245,0.035153574282379,7,11,0.4545454545454546,0.7335803208570171,1,0,0,0,1,0,0
4,Apolo Anton Ohno,Athlete,Athletic,24,young,United States,Washington,1,Julianne Hough,0.8961106666666666,0.3016301659471849,0.2934407097060059,1,11,1.0,0.8193986249191303,1,0,0,1,0,0,0
4,Billy Ray Cyrus,Singer/Rapper,Performance,45,mid,United States,Kentucky,1,Karina Smirnoff,0.6333333333333333,0.09827170460554392,0.0883505322395565,5,11,0.6363636363636364,0.6247749615162423,0,1,0,0,1,0,0
4,Clyde Drexler,Athlete,Athletic,44,mid,United States,Louisiana,1,Elena Grinenko,0.52,0.05475754311541565,0.0462687537886638,8,11,0.36363636363636365,0.12358113353210973,0,1,0,1,0,0,0
4,Heather Mills,Model,Performance,39,mid,England,,0,Jonathan Roberts,0.7388888888888889,0.02952853872858694,0.0099682382084976,7,11,0.4545454545454546,0.4561870399050518,0,1,0,0,1,0,0
4,Ian Ziering,Actor/Actress,Performance,42,mid,United States,New Jersey,1,Cheryl Burke,0.8092592592592592,0.1129410804462233,0.0966695796939517,4,11,0.7272727272727273,0.7217516093455022,0,1,0,0,1,0,0
4,Joey Fatone,Singer/Rapper,Performance,30,mid,United States,New York,1,Kym Johnson,0.8922216666666667,0.23687292768424165,0.2244957990979673,2,11,0.9090909090909091,0.6535080209879351,0,1,0,0,1,0,0
4,John Ratzenberger,Actor/Actress,Performance,59,senior,United States,Connecticut,1,Edyta Sliwinska,0.6357142857142858,0.06455958796728906,0.0520807337617848,6,11,0.5454545454545454,0.4724139819835949,0,0,1,0,1,0,0
4,Laila Ali,Athlete,Athletic,29,young,United States,Florida,1,Maksim Chmerkoskiy,0.8744439999999999,0.18804607093238634,0.1732560347382342,3,11,0.8181818181818181,0.7335803208570171,1,0,0,1,0,0,0
4,Leeza Gibbons,TV Personality,Media,50,mid,United States,South Carolina,1,Tony Dovolani,0.6333333333333333,0.022901867372656867,0.0065756297362102,9,11,0.2727272727272727,0.5490135348123275,0,1,0,0,0,1,0
4,Paulina Porizkova,Model,Performance,41,mid,Czechoslovakia,,0,Alec Mazo,0.6666666666666666,0.0050944714623856,9.074643915360984e-05,11,11,0.09090909090909094,0.5001238357533935,0,1,0,0,1,0,0
4,Shandi Finnessey,Beauty Pagent,Performance,28,young,United States,Missouri,1,Brian Fortuna,0.6666666666666666,0.02089823781419975,0.0088032425899743,10,11,0.18181818181818177,0.3210109726887554,1,0,0,0,1,0,0
5,Albert Reed,Model,Performance,22,young,United States,Florida,1,Anna Trebunskaya,0.7,0.01146296022628695,0.0007228797720564,11,12,0.16666666666666663,0.5093750394883365,1,0,0,0,1,0,0
5,Cameron Mathison,Actor/Actress,Performance,38,mid,Canada,,0,Edyta Sliwinska,0.8083333333333333,0.08137621022232712,0.0667627224263534,5,12,0.6666666666666667,0.4724139819835949,0,1,0,0,1,0,0
5,Floyd Mayweather Jr. ,Athlete,Athletic,30,mid,United States,Michigan,1,Karina Smirnoff,0.6916666666666667,0.026690995573325774,0.0123998577519438,9,12,0.33333333333333337,0.6247749615162423,0,1,0,1,0,0,0
5,Helio Castroneves,Racing Driver,Athletic,32,mid,Brazil,,0,Julianne Hough,0.888333,0.28385505910046704,0.2776347804368394,1,12,1.0,0.8193986249191303,0,1,0,1,0,0,0
5,Jane Seymour,Actor/Actress,Performance,56,senior,England,,0,Tony Dovolani,0.8142857142857143,0.06259288216185208,0.0472878137947438,6,12,0.5833333333333333,0.5490135348123275,0,0,1,0,1,0,0
5,Jennie Garth,Actor/Actress,Performance,35,mid,United States,Illinois,1,Derek Hough,0.8425925925925927,0.12030094378056266,0.106873967504099,4,12,0.75,1.0,0,1,0,0,1,0,0
5,Josie Maran,Model,Performance,29,young,United States,California,1,Alec Mazo,0.5333333333333333,0.0063966968198815,9.101239787909952e-05,12,12,0.08333333333333337,0.5001238357533935,1,0,0,0,1,0,0
5,Marie Osmond,Singer/Rapper,Performance,47,mid,United States,Utah,1,Jonathan Roberts,0.8083333333333333,0.21066467677295667,0.2045415627611627,3,12,0.8333333333333334,0.4561870399050518,0,1,0,0,1,0,0
5,Mark Cuban,TV Personality,Media,49,mid,United States,Pennsylvania,1,Kym Johnson,0.6799999999999999,0.04669569899935298,0.0346460160447929,8,12,0.41666666666666663,0.6535080209879351,0,1,0,0,0,1,0
5,Mel B,Singer/Rapper,Performance,32,mid,England,,0,Maksim Chmerkoskiy,0.9077773333333333,0.21964281290624035,0.20865631537936008,2,12,0.9166666666666666,0.7335803208570171,0,1,0,0,1,0,0
5,Sabrina Bryan,Actor/Actress,Performance,23,young,United States,California,1,Mark Ballas,0.9,0.03449144298731765,0.0144513589199542,7,12,0.5,0.8159248600498087,1,0,0,0,1,0,0
5,Wayne Newton,Singer/Rapper,Performance,65,senior,United States,Virginia,1,Cheryl Burke,0.5777777777777778,0.03666413626009254,0.025931712810815005,10,12,0.25,0.7217516093455022,0,0,1,0,1,0,0
6,Adam Carolla,Radio Personality,Media,43,mid,United States,California,1,Julianne Hough,0.6166666666666667,0.0233361142280554,0.0092528267153239,9,12,0.33333333333333337,0.8193986249191303,0,1,0,0,0,1,0
6,Cristian de la Fuente,Actor/Actress,Performance,34,mid,Chile,,0,Cheryl Burke,0.825,0.2022641423430166,0.1954351435695723,3,12,0.8333333333333334,0.7217516093455022,0,1,0,0,1,0,0
6,Jason Taylor,Athlete,Athletic,33,mid,United States,Pennsylvania,1,Edyta Sliwinska,0.8716666666666667,0.23946457708294724,0.2333993301570214,2,12,0.9166666666666666,0.4724139819835949,0,1,0,1,0,0,0
6,Kristi Yamaguchi,Athlete,Athletic,36,mid,United States,California,1,Mark Ballas,0.9400000000000001,0.2962124619789929,0.2922410330604142,1,12,1.0,0.8159248600498087,0,1,0,1,0,0,0
6,Mario,Singer/Rapper,Performance,21,young,United States,Maryland,1,Karina Smirnoff,0.8416666666666667,0.07897117383759991,0.0625134634138409,5,12,0.6666666666666667,0.6247749615162423,1,0,0,0,1,0,0
6,Marissa Jaret Winokur,Actor/Actress,Performance,35,mid,United States,New York,1,Tony Dovolani,0.7740740740740741,0.1279384403304227,0.11749103072103069,4,12,0.75,0.5490135348123275,0,1,0,0,1,0,0
6,Marlee Matlin,Actor/Actress,Performance,42,mid,United States,Illinois,1,Fabian Sanchez,0.7444444444444445,0.0452813067845884,0.0309803406388343,7,12,0.5,0.6148914238700407,0,1,0,0,1,0,0
6,Monica Seles,Athlete,Athletic,34,mid,Yugoslavia,,0,Jonathan Roberts,0.5,0.0071487805311496,9.236566665488932e-05,11,12,0.16666666666666663,0.4561870399050518,0,1,0,1,0,0,0
6,Penn Jillette,Magician,Performance,53,mid,United States,Massachusetts,1,Kym Johnson,0.55,0.0178659075951125,0.0068042337709313,12,12,0.08333333333333337,0.6535080209879351,0,1,0,0,1,0,0
6,Priscilla Presley,Actor/Actress,Performance,62,senior,United States,New York,1,Louis van Amstel,0.76,0.026543036681573498,0.0102369034133918,8,12,0.41666666666666663,0.5684428409210787,0,0,1,0,1,0,0
6,Shannon Elizabeth,Actor/Actress,Performance,34,mid,United States,Texas,1,Derek Hough,0.8071428571428572,0.054474092002879095,0.0377458847167529,6,12,0.5833333333333333,1.0,0,1,0,0,1,0,0
6,Steve Guttenberg,Actor/Actress,Performance,49,mid,United States,New York,1,Anna Trebunskaya,0.611111111111111,0.013888682185929199,0.0038074441562308005,10,12,0.25,0.5093750394883365,0,1,0,0,1,0,0
7,Brooke Burke,TV Personality,Media,37,mid,United States,Connecticut,1,Derek Hough,0.8983333333333332,0.2968336338697746,0.2890992175054901,1,13,1.0,1.0,0,1,0,0,0,1,0
7,Cloris Leachman,Actor/Actress,Performance,82,senior,United States,Iowa,1,Corky Ballas,0.5833333333333334,0.05175842416262634,0.0406568194438991,7,13,0.5384615384615384,0.45239751691823943,0,0,1,0,1,0,0
7,Cody Linley,Actor/Actress,Performance,18,young,United States,Texas,1,Julianne Hough,0.7611111111111111,0.12983819997949747,0.1175742758974362,4,13,0.7692307692307692,0.8193986249191303,1,0,0,0,1,0,0
7,Jeffrey Ross,Comedian,Performance,43,mid,United States,New Jersey,1,Edyta Sliwinska,0.4,0.0069116893381522,9.114279430534176e-05,13,13,0.07692307692307687,0.4724139819835949,0,1,0,0,1,0,0
7,Kim Kardashian,TV Personality,Media,27,young,United States,California,1,Mark Ballas,0.5916666666666667,0.0114922900614574,0.0007289794877663,11,13,0.23076923076923073,0.8159248600498087,1,0,0,0,0,1,0
7,Lance Bass,Singer/Rapper,Performance,29,young,United States,Mississippi,1,Lacey Schwimmer,0.8116666666666668,0.18858522273989076,0.1762722579755802,3,13,0.8461538461538461,0.6024439452637469,1,0,0,0,1,0,0
7,Maurice Greene,Athlete,Athletic,34,mid,United States,Kansas,1,Cheryl Burke,0.7479166666666667,0.07672441308289224,0.0617414369076612,5,13,0.6923076923076923,0.7217516093455022,0,1,0,1,0,0,0
7,Misty May-Treanor,Athlete,Athletic,31,mid,United States,California,1,Maksim Chmerkoskiy,0.7,0.02691083781263335,0.0118839139156554,10,13,0.3076923076923077,0.7335803208570171,0,1,0,1,0,0,0
7,Rocco DiSpirito,TV Personality,Media,41,mid,United States,New York,1,Karina Smirnoff,0.5958333333333333,0.024404874475525265,0.0112772051065425,9,13,0.3846153846153846,0.6247749615162423,0,1,0,0,0,1,0
7,Susan Lucci,Actor/Actress,Performance,61,senior,United States,New York,1,Tony Dovolani,0.730952380952381,0.04903780718846625,0.0320799379254816,6,13,0.6153846153846154,0.5490135348123275,0,0,1,0,1,0,0
7,Ted McGinley,Actor/Actress,Performance,50,mid,United States,California,1,Inna Brayer,0.6166666666666667,0.0238495013342144,0.0112228193868885,12,13,0.15384615384615385,0.24772499731773362,0,1,0,0,1,0,0
7,Toni Braxton,Singer/Rapper,Performance,40,mid,United States,Maryland,1,Alec Mazo,0.7433333333333334,0.023649008014838074,0.0062851410940727,8,13,0.46153846153846156,0.5001238357533935,0,1,0,0,1,0,0
7,Warren Sapp,Athlete,Athletic,35,mid,United States,Florida,1,Kym Johnson,0.8083333333333333,0.2474507481384855,0.2410868525592203,2,13,0.9230769230769231,0.6535080209879351,0,1,0,1,0,0,0
8,Belinda Carlisle,Singer/Rapper,Performance,50,mid,United States,California,1,Jonathan Roberts,0.5833333333333333,0.0032933008983636,8.914398324858915e-05,13,13,0.07692307692307687,0.4561870399050518,0,1,0,0,1,0,0
8,Chuck Wicks,Singer/Rapper,Performance,29,young,United States,Delaware,1,Julianne Hough,0.7645833333333334,0.04866346593857237,0.0315675640070005,6,13,0.6153846153846154,0.8193986249191303,1,0,0,0,1,0,0
8,David Alan Grier,Actor/Actress,Performance,52,mid,United States,Michigan,1,Kym Johnson,0.6933333333333334,0.021617208144821626,0.0069630254365709,9,13,0.3846153846153846,0.6535080209879351,0,1,0,0,1,0,0
8,Denise Richards,Actor/Actress,Performance,38,mid,United States,Illinois,1,Maksim Chmerkoskiy,0.611111111111111,0.01023603806781445,8.914398324858914e-05,12,13,0.15384615384615385,0.7335803208570171,0,1,0,0,1,0,0
8,Gilles Marini,Actor/Actress,Performance,33,mid,France,,0,Cheryl Burke,0.9227272727272727,0.23134064947211774,0.2161665053342757,2,13,0.9230769230769231,0.7217516093455022,0,1,0,0,1,0,0
8,Holly Madison,TV Personality,Media,30,mid,United States,Oregon,1,Dmitry Chaplin,0.575,0.023824355058490898,0.0127500089943705,11,13,0.23076923076923073,0.620430885915805,0,1,0,0,0,1,0
8,Lawrence Taylor,Athlete,Athletic,50,mid,United States,Virginia,1,Edyta Sliwinska,0.6571428571428571,0.04418105839152656,0.0303167499335712,7,13,0.5384615384615384,0.4724139819835949,0,1,0,1,0,0,0
8,Lil' Kim,Singer/Rapper,Performance,34,mid,United States,New York,1,Derek Hough,0.8518518518518519,0.07115578660795432,0.0521640800079636,5,13,0.6923076923076923,1.0,0,1,0,0,1,0,0
8,Melissa Rycroft,TV Personality,Media,26,young,United States,Texas,1,Tony Dovolani,0.8893939393939394,0.18924667310561838,0.1739924624082314,3,13,0.8461538461538461,0.5490135348123275,1,0,0,0,0,1,0
8,Shawn Johnson,Athlete,Athletic,17,young,United States,Iowa,1,Mark Ballas,0.8818181818181817,0.2864810709721889,0.2750017538056221,1,13,1.0,0.8159248600498087,1,0,0,1,0,0,0
8,Steve Wozniak,Entrepreneur,Other,58,senior,United States,California,1,Karina Smirnoff,0.43333333333333335,0.04644353409599503,0.0400545102135107,10,13,0.3076923076923077,0.6247749615162423,0,0,1,0,0,0,1
8,Steve-O,TV Personality,Media,34,mid,England,,0,Lacey Schwimmer,0.5277777777777778,0.04948165974094112,0.040476738248457,8,13,0.46153846153846156,0.6024439452637469,0,1,0,0,0,1,0
8,Ty Murray,Athlete,Athletic,39,mid,United States,Arizona,1,Chelsie Hightower,0.7266666666666667,0.13176588710405637,0.120368313643929,4,13,0.7692307692307692,0.586374427822983,0,1,0,1,0,0,0
9,Aaron Carter,Singer/Rapper,Performance,21,young,United States,Florida,1,Karina Smirnoff,0.8604154166666667,0.06004628857813527,0.0457773467284529,5,16,0.75,0.6247749615162423,1,0,0,0,1,0,0
9,Ashley Hamiliton,Actor/Actress,Performance,34,mid,United States,California,1,Edyta Sliwinska,0.6333300000000001,0.0071936474426203,9.126917923655046e-05,16,16,0.0625,0.4724139819835949,0,1,0,0,1,0,0
9,Chuck Liddell,Athlete,Athletic,39,mid,United States,California,1,Anna Trebunskaya,0.625,0.016449952954006926,0.0062558953818062,11,16,0.375,0.5093750394883365,0,1,0,1,0,0,0
9,Debi Mazar,Actor/Actress,Performance,45,mid,United States,New York,1,Maksim Chmerkoskiy,0.6666666666666666,0.018036632326002902,0.0072429385785945,12,16,0.3125,0.7335803208570171,0,1,0,0,1,0,0
9,Donny Osmond,Singer/Rapper,Performance,51,mid,United States,Utah,1,Kym Johnson,0.8822206666666667,0.28861889030067767,0.2879330119839796,1,16,1.0,0.6535080209879351,0,1,0,0,1,0,0
9,Joanna Krupa,Model,Performance,30,mid,Poland,,0,Derek Hough,0.901851111111111,0.10166218466257648,0.0880328992823903,4,16,0.8125,1.0,0,1,0,0,1,0,0
9,Kathy Ireland,Model,Performance,46,mid,United States,California,1,Tony Dovolani,0.6333316666666666,0.007478130607824199,0.0011015313430017,14,16,0.1875,0.5490135348123275,0,1,0,0,1,0,0
9,Kelly Osbourne,TV Personality,Media,24,young,England,,0,Louis van Amstel,0.8157386666666667,0.19638802910451808,0.191425655453537,3,16,0.875,0.5684428409210787,1,0,0,0,0,1,0
9,Louie Vito,Athlete,Athletic,21,young,United States,Ohio,1,Chelsie Hightower,0.71111,0.04428021598649388,0.03479568158864,8,16,0.5625,0.586374427822983,1,0,0,1,0,0,0
9,Macy Gray,Singer/Rapper,Performance,42,mid,United States,Ohio,1,Jonathan Roberts,0.6333300000000001,0.007208316176495,9.126917923655046e-05,15,16,0.125,0.4561870399050518,0,1,0,0,1,0,0
9,Mark Dacascos,Actor/Actress,Performance,45,mid,United States,Hawaii,1,Lacey Schwimmer,0.8071419047619048,0.043282830873696714,0.0304073336930099,6,16,0.6875,0.6024439452637469,0,1,0,0,1,0,0
9,Melissa Joan Hart,Actor/Actress,Performance,33,mid,United States,New York,1,Mark Ballas,0.7611105555555556,0.0353321132048037,0.0232928006516686,9,16,0.5,0.8159248600498087,0,1,0,0,1,0,0
9,Michael Irvin,Athlete,Athletic,43,mid,United States,Florida,1,Anna Demidova,0.6452371428571428,0.06477151615897518,0.0577019570805673,7,16,0.625,0.5876903996672533,0,1,0,1,0,0,0
9,Mya,Singer/Rapper,Performance,29,young,United States,Washington D.C.,1,Dmitry Chaplin,0.9477766666666666,0.22314321645850135,0.2148709783453767,2,16,0.9375,0.620430885915805,1,0,0,0,1,0,0
9,Natalie Coughlin,Athlete,Athletic,27,young,United States,California,1,Alec Mazo,0.7999986666666666,0.01767660647763576,0.0033330992565656,10,16,0.4375,0.5001238357533935,1,0,0,1,0,0,0
9,Tom DeLay,Politician,Other,62,senior,United States,Texas,1,Cheryl Burke,0.5888877777777778,0.017154433460428036,0.007646332273936,13,16,0.25,0.7217516093455022,0,0,1,0,0,0,1
10,Aiden Turner,Actor/Actress,Performance,32,mid,England,,0,Edyta Sliwinska,0.5875,0.0242896029362582,0.0084329934301212,9,11,0.2727272727272727,0.4724139819835949,0,1,0,0,1,0,0
10,Buzz Aldrin,Astronaut,Athletic,80,senior,United States,New Jersey,1,Ashly DelGrosso,0.43333333333333335,0.04595827958760085,0.0382038679858097,10,11,0.18181818181818177,0.3282377251839976,0,0,1,1,0,0,0
10,Chad Ochocinco,Athlete,Athletic,32,mid,United States,Florida,1,Cheryl Burke,0.7388885185185186,0.12513994386857752,0.1111306551925949,4,11,0.7272727272727273,0.7217516093455022,0,1,0,1,0,0,0
10,Erin Andrews,Sports Broadcaster,Media,32,mid,United States,Maine,1,Maksim Chmerkoskiy,0.831666,0.19161520579165323,0.1763413363150479,3,11,0.8181818181818181,0.7335803208570171,0,1,0,0,0,1,0
10,Evan Lysacek,Athlete,Athletic,24,young,United States,Illinois,1,Anna Trebunskaya,0.8762956666666668,0.2422653620822911,0.2276103991743142,2,11,0.9090909090909091,0.5093750394883365,1,0,0,1,0,0,0
10,Jake Pavelka,TV Personality,Media,32,mid,United States,Texas,1,Chelsie Hightower,0.7111105555555555,0.036966142104139836,0.0193026293431706,7,11,0.4545454545454546,0.586374427822983,0,1,0,0,0,1,0
10,Kate Gosselin,TV Personality,Media,35,mid,United States,Pennsylvania,1,Tony Dovolani,0.5133333333333333,0.05071493706085413,0.039804768044761,8,11,0.36363636363636365,0.5490135348123275,0,1,0,0,0,1,0
10,Nicole Scherzinger,Singer/Rapper,Performance,31,mid,United States,Hawaii,1,Derek Hough,0.9359253333333333,0.29414389810883873,0.2784789395711403,1,11,1.0,1.0,0,1,0,0,1,0,0
10,Niecy Nash,Actor/Actress,Performance,40,mid,United States,California,1,Louis van Amstel,0.6999991666666666,0.08550403240900628,0.0713850723697158,5,11,0.6363636363636364,0.5684428409210787,0,1,0,0,1,0,0
10,Pamela Anderson,Model,Performance,42,mid,Canada,,0,Damian Whitewood,0.7809514285714286,0.0484482478844512,0.0292199507483458,6,11,0.5454545454545454,0.6847931539542993,0,1,0,0,1,0,0
10,Shannen Doherty,Actor/Actress,Performance,38,mid,United States,Tennessee,1,Mark Ballas,0.6333333333333333,0.0049667142884853,8.938782497838974e-05,11,11,0.09090909090909094,0.8159248600498087,0,1,0,0,1,0,0
11,Audrina Patridge,TV Personality,Media,25,young,United States,California,1,Tony Dovolani,0.8111099999999999,0.03447223718616512,0.0155435693433544,7,12,0.5,0.5490135348123275,1,0,0,0,0,1,0
11,Brandy,Singer/Rapper,Performance,31,mid,United States,Mississippi,1,Maksim Chmerkoskiy,0.8865737037037037,0.11390892154594108,0.0981388470335515,4,12,0.75,0.7335803208570171,0,1,0,0,1,0,0
11,Bristol Palin,TV Personality,Media,19,young,United States,Alaska,1,Mark Ballas,0.7368046666666667,0.2064150443655723,0.2056958156147076,3,12,0.8333333333333334,0.8159248600498087,1,0,0,0,0,1,0
11,David Hasselhoff,Actor/Actress,Performance,58,senior,United States,Maryland,1,Kym Johnson,0.5,0.003410000325674,9.281534626125732e-05,12,12,0.08333333333333337,0.6535080209879351,0,0,1,0,1,0,0
11,Florence Henderson,Actor/Actress,Performance,76,senior,United States,Indiana,1,Corky Ballas,0.6366666666666666,0.02975751036712518,0.0154790128706748,8,12,0.41666666666666663,0.45239751691823943,0,0,1,0,1,0,0
11,Jennifer Grey,Actor/Actress,Performance,50,mid,United States,New York,1,Derek Hough,0.8995833333333334,0.2785133630176707,0.2752490636192837,1,12,1.0,1.0,0,1,0,0,1,0,0
11,Kurt Warner,Athlete,Athletic,39,mid,United States,Iowa,1,Anna Trebunskaya,0.7343745833333334,0.09964610855442764,0.0897169076137256,5,12,0.6666666666666667,0.5093750394883365,0,1,0,1,0,0,0
11,Kyle Massey,Actor/Actress,Performance,19,young,United States,Georgia,1,Lacey Schwimmer,0.8248603333333333,0.23664909654012584,0.2339659768643468,2,12,0.9166666666666666,0.6024439452637469,1,0,0,0,1,0,0
11,Margaret Cho,Comedian,Performance,41,mid,United States,California,1,Louis van Amstel,0.5666666666666667,0.017954230457917632,0.0056047549927901,10,12,0.25,0.5684428409210787,0,1,0,0,1,0,0
11,Michael Bolton,Singer/Rapper,Performance,57,senior,United States,Connecticut,1,Chelsie Hightower,0.4666666666666667,0.0131372505955105,0.0020996636404249,11,12,0.16666666666666663,0.586374427822983,0,0,1,0,1,0,0
11,Rick Fox,Athlete,Athletic,41,mid,Canada,,0,Cheryl Burke,0.7922619047619047,0.05922653906267903,0.0432399270158831,6,12,0.5833333333333333,0.7217516093455022,0,1,0,1,0,0,0
11,The Situation,TV Personality,Media,28,young,United States,New York,1,Karina Smirnoff,0.5583333333333333,0.027030464283899124,0.0151736460449959,9,12,0.33333333333333337,0.6247749615162423,1,0,0,0,0,1,0
12,Chelsea Kane,Actor/Actress,Performance,22,young,United States,Arizona,1,Mark Ballas,0.8655553333333333,0.178866567802324,0.1662987346783147,3,11,0.8181818181818181,0.8159248600498087,1,0,0,0,1,0,0
12,Chris Jericho,Athlete,Athletic,40,mid,United States,New York,1,Cheryl Burke,0.7444444444444445,0.041796393922992184,0.0248978279378987,7,11,0.4545454545454546,0.7217516093455022,0,1,0,1,0,0,0
12,Hines Ward,Athlete,Athletic,35,mid,South Korea,,0,Kym Johnson,0.8647220000000001,0.2971021670986327,0.2948061057190785,1,11,1.0,0.6535080209879351,0,1,0,1,0,0,0
12,Kendra Wilkinson,TV Personality,Media,25,young,United States,California,1,Louis van Amstel,0.7041666666666666,0.06260138947445491,0.0484047308534033,6,11,0.5454545454545454,0.5684428409210787,1,0,0,0,0,1,0
12,Kirstie Alley,Actor/Actress,Performance,60,senior,United States,Kansas,1,Maksim Chmerkoskiy,0.7966663333333333,0.24789246284498034,0.24673350816129508,2,11,0.9090909090909091,0.7335803208570171,0,0,1,0,1,0,0
12,Mike Catherwood,Radio Personality,Media,32,mid,United States,California,1,Lacey Schwimmer,0.5,0.004571649750774,9.262216091417738e-05,11,11,0.09090909090909094,0.6024439452637469,0,1,0,0,0,1,0
12,Petra Nemcova,Model,Performance,31,mid,Czechoslovakia,,0,Dmitry Chaplin,0.7066666666666667,0.027735139180530975,0.0098357815443971,8,11,0.36363636363636365,0.620430885915805,0,1,0,0,1,0,0
12,Ralph Macchio,Actor/Actress,Performance,49,mid,United States,New York,1,Karina Smirnoff,0.7731481481481481,0.1396538000733658,0.1308852434728587,4,11,0.7272727272727273,0.6247749615162423,0,1,0,0,1,0,0
12,Romeo,Singer/Rapper,Performance,21,young,United States,Louisiana,1,Chelsie Hightower,0.78125,0.08071724014232766,0.0647058306045358,5,11,0.6363636363636364,0.586374427822983,1,0,0,0,1,0,0
12,Sugar Ray Leonard,Athlete,Athletic,54,mid,United States,North Carolina,1,Anna Trebunskaya,0.625,0.02150196280580863,0.0073262962932596,9,11,0.2727272727272727,0.5093750394883365,0,1,0,1,0,0,0
12,Wendy Williams,TV Personality,Media,46,mid,United States,New Jersey,1,Tony Dovolani,0.5111111111111111,0.0191948686756648,0.0060133185740439,10,11,0.18181818181818177,0.5490135348123275,0,1,0,0,0,1,0
13,Carson Kressley,TV Personality,Media,41,mid,United States,Pennsylvania,1,Anna Trebunskaya,0.6466666666666667,0.04490711929147127,0.0317824453347268,8,12,0.41666666666666663,0.5093750394883365,0,1,0,0,0,1,0
13,Chaz Bono,TV Personality,Media,42,mid,United States,California,1,Lacey Schwimmer,0.6277777777777778,0.059965998613237786,0.0489687368589298,7,12,0.5,0.6024439452637469,0,1,0,0,0,1,0
13,Chynna Phillips,Singer/Rapper,Performance,43,mid,United States,California,1,Tony Dovolani,0.75,0.024252530028942523,0.0070206760835738,9,12,0.33333333333333337,0.5490135348123275,0,1,0,0,1,0,0
13,David Arquette,Actor/Actress,Performance,40,mid,United States,Virginia,1,Kym Johnson,0.7357142857142858,0.0566508701574004,0.0408520337795279,6,12,0.5833333333333333,0.6535080209879351,0,1,0,0,1,0,0
13,Elisabetta Canalis,Actor/Actress,Performance,33,mid,Italy,,0,Valentin Chmerkovskiy,0.6,0.012699117435929448,0.0035344221513658,11,12,0.16666666666666663,0.826236567961457,0,1,0,0,1,0,0
13,Hope Solo,Athlete,Athletic,30,mid,United States,Washington,1,Maksim Chmerkoskiy,0.7685177777777779,0.12445212030091783,0.1131846190973946,4,12,0.75,0.7335803208570171,0,1,0,1,0,0,0
13,J.R. Martinez,Actor/Actress,Performance,28,young,United States,Louisiana,1,Karina Smirnoff,0.8772216666666667,0.29292892443514523,0.2881883065713355,1,12,1.0,0.6247749615162423,1,0,0,0,1,0,0
13,Kristin Cavallari,TV Personality,Media,24,young,United States,Colorado,1,Mark Ballas,0.7222222222222222,0.0171038054825069,0.0022365865764631,10,12,0.25,0.8159248600498087,1,0,0,0,0,1,0
13,Metta World Peace (Ron),Athlete,Athletic,31,mid,United States,New York,1,Peta Murgatroyd,0.4666666666666667,0.0057429896413581,9.124255572651907e-05,12,12,0.08333333333333337,0.5846705579339349,0,1,0,1,0,0,0
13,Nancy Grace,TV Personality,Media,51,mid,United States,Georgia,1,Tristan MacManus,0.7041666666666666,0.08932808089702686,0.0775884516114435,5,12,0.6666666666666667,0.3728328764375568,0,1,0,0,0,1,0
13,Ricki Lake,Actor/Actress,Performance,42,mid,United States,New York,1,Derek Hough,0.886666,0.1804313554572188,0.1669248730052866,3,12,0.8333333333333334,1.0,0,1,0,0,1,0,0
13,Rob Kardashian,TV Personality,Media,24,young,United States,California,1,Cheryl Burke,0.8127766666666666,0.22713530308767851,0.2196276063742256,2,12,0.9166666666666666,0.7217516093455022,1,0,0,0,0,1,0
14,Donald Driver,Athlete,Athletic,37,mid,United States,Texas,1,Peta Murgatroyd,0.9038883333333333,0.29961754635401905,0.3013359850614086,1,12,1.0,0.5846705579339349,0,1,0,1,0,0,0
14,Gavin DeGraw,Singer/Rapper,Performance,35,mid,United States,New York,1,Karina Smirnoff,0.7133333333333333,0.02716058973272637,0.0131038286259958,9,12,0.33333333333333337,0.6247749615162423,0,1,0,0,1,0,0
14,Gladys Knight,Singer/Rapper,Performance,67,senior,United States,Georgia,1,Tristan MacManus,0.7333333333333334,0.04154935021170214,0.0300804967745127,8,12,0.41666666666666663,0.3728328764375568,0,0,1,0,1,0,0
14,Jack Wagner,Actor/Actress,Performance,52,mid,United States,Missouri,1,Anna Trebunskaya,0.7555555555555555,0.0111456239937495,0.0007907261812081,11,12,0.16666666666666663,0.5093750394883365,0,1,0,0,1,0,0
14,Jaleel White,Actor/Actress,Performance,35,mid,United States,California,1,Kym Johnson,0.8642847619047619,0.038047479240053084,0.021765712652903,7,12,0.5,0.6535080209879351,0,1,0,0,1,0,0
14,Katherine Jenkins,Singer/Rapper,Performance,31,mid,Wales,,0,Mark Ballas,0.9516663333333334,0.23462073562610083,0.22999755577386952,2,12,0.9166666666666666,0.8159248600498087,0,1,0,0,1,0,0
14,Maria Menounos,TV Personality,Media,33,mid,United States,Massachusetts,1,Derek Hough,0.8907403703703705,0.10158914360695694,0.087786561177107,4,12,0.75,1.0,0,1,0,0,0,1,0
14,Martina Navratilova,Athlete,Athletic,55,mid,Czechoslovakia,,0,Tony Dovolani,0.6166666666666667,0.0064364817569286,9.24738584472568e-05,12,12,0.08333333333333337,0.5490135348123275,0,1,0,1,0,0,0
14,Melissa Gilbert,Actor/Actress,Performance,47,mid,United States,California,1,Maksim Chmerkoskiy,0.7749999999999999,0.07842836174883565,0.0684341717960016,5,12,0.6666666666666667,0.7335803208570171,0,1,0,0,1,0,0
14,Roshon Fegan,Actor/Actress,Performance,20,young,United States,California,1,Chelsie Hightower,0.8666658333333334,0.07728418591537424,0.0645670010029477,6,12,0.5833333333333333,0.586374427822983,1,0,0,0,1,0,0
14,Sherri Sheperd,Actor/Actress,Performance,44,mid,United States,Illinois,1,Valentin Chmerkovskiy,0.7583333333333333,0.019818724926586366,0.0061881885409482,10,12,0.25,0.826236567961457,0,1,0,0,1,0,0
14,William Levy,Actor/Actress,Performance,31,mid,Cuba,,0,Cheryl Burke,0.9255553333333333,0.18403295441331866,0.1758572985546501,3,12,0.8333333333333334,0.7217516093455022,0,1,0,0,1,0,0
15,Apolo Anton Ohno,Athlete,Athletic,30,mid,United States,Washington,1,Karina Smirnoff,0.9148655555555556,0.0931090038497886,0.0815712275265413,5,13,0.6923076923076923,0.6247749615162423,0,1,0,1,0,0,0
15,Bristol Palin,TV Personality,Media,21,young,United States,Alaska,1,Mark Ballas,0.7,0.0367941894387721,0.0252255497523574,9,13,0.3846153846153846,0.8159248600498087,1,0,0,0,0,1,0
15,Drew Lachey,Singer/Rapper,Performance,36,mid,United States,Ohio,1,Anna Trebunskaya,0.7555555555555555,0.020568143230667833,0.006392106512702801,11,13,0.23076923076923073,0.5093750394883365,0,1,0,0,1,0,0
15,Emmitt Smith,Athlete,Athletic,43,mid,United States,Florida,1,Cheryl Burke,0.9039085185185185,0.09442368508213513,0.0835562097717641,4,13,0.7692307692307692,0.7217516093455022,0,1,0,1,0,0,0
15,Gilles Marini,Actor/Actress,Performance,36,mid,France,,0,Peta Murgatroyd,0.9298020833333334,0.06661036552293863,0.0532321735631955,6,13,0.6153846153846154,0.5846705579339349,0,1,0,0,1,0,0
15,Helio Castroneves,Racing Driver,Athletic,37,mid,Brazil,,0,Chelsie Hightower,0.7777777777777778,0.026717158996021003,0.012600053726847102,10,13,0.3076923076923077,0.586374427822983,0,1,0,1,0,0,0
15,Joey Fatone,Singer/Rapper,Performance,35,mid,United States,New York,1,Kym Johnson,0.7166666666666667,0.01046475741560935,0.0009033668039634,12,13,0.15384615384615385,0.6535080209879351,0,1,0,0,1,0,0
15,Kelly Monaco,Actor/Actress,Performance,36,mid,United States,Pennsylvania,1,Valentin Chmerkovskiy,0.906434,0.1664407465694264,0.1587043736537835,3,13,0.8461538461538461,0.826236567961457,0,1,0,0,1,0,0
15,Kirstie Alley,Actor/Actress,Performance,61,senior,United States,Kansas,1,Maksim Chmerkoskiy,0.80729125,0.06744212110772847,0.0574648201888227,7,13,0.5384615384615384,0.7335803208570171,0,0,1,0,1,0,0
15,Melissa Rycroft,TV Personality,Media,29,young,United States,Texas,1,Tony Dovolani,0.9470356666666667,0.2889474404434664,0.2894574425367389,1,13,1.0,0.5490135348123275,1,0,0,0,0,1,0
15,Pamela Anderson,Model,Performance,45,mid,Canada,,0,Tristan MacManus,0.5666666666666667,0.0057517141562274,9.178968317219064e-05,13,13,0.07692307692307687,0.3728328764375568,0,1,0,0,1,0,0
15,Sabrina Bryan,Actor/Actress,Performance,28,young,United States,California,1,Louis van Amstel,0.8881944444444444,0.03022222750376178,0.0138003617130822,8,13,0.46153846153846156,0.5684428409210787,1,0,0,0,1,0,0
15,Shawn Johnson,Athlete,Athletic,20,young,United States,Iowa,1,Derek Hough,0.945508,0.2216282163309975,0.2170005245670282,2,13,0.9230769230769231,1.0,1,0,0,1,0,0,0
16,Alexandra Raisman,Athlete,Athletic,18,young,United States,Massachusetts,1,Mark Ballas,0.8816666666666666,0.1361823555259147,0.1252990894807737,4,12,0.75,0.8159248600498087,1,0,0,1,0,0,0
16,Andy Dick,Comedian,Performance,47,mid,United States,South Carolina,1,Sharna Burgess,0.6309523809523808,0.061922288884357184,0.0537185781412147,7,12,0.5,0.6695487120850966,0,1,0,0,1,0,0
16,D. L. Hughley,Comedian,Performance,50,mid,United States,Virginia,1,Cheryl Burke,0.5533333333333333,0.0261211861100367,0.0142367758811491,9,12,0.33333333333333337,0.7217516093455022,0,1,0,0,1,0,0
16,Dorothy Hamill,Athlete,Athletic,56,senior,United States,Illinois,1,Tristan MacManus,0.6,0.0049087792779169,9.349701033469682e-05,12,12,0.08333333333333337,0.3728328764375568,0,0,1,1,0,0,0
16,Ingo Rademacher,Actor/Actress,Performance,41,mid,Germany,,0,Kym Johnson,0.75,0.09819063529688467,0.0890464729303945,5,12,0.6666666666666667,0.6535080209879351,0,1,0,0,1,0,0
16,Jacoby Jones,Athlete,Athletic,28,young,United States,Louisiana,1,Karina Smirnoff,0.839999,0.17636032410771196,0.1710141647827835,3,12,0.8333333333333334,0.6247749615162423,1,0,0,1,0,0,0
16,Kellie Pickler,Singer/Rapper,Performance,26,young,United States,North Carolina,1,Derek Hough,0.8916666666666668,0.25873849654500913,0.2584272172493148,1,12,1.0,1.0,1,0,0,0,1,0,0
16,Lisa Vanderpump,TV Personality,Media,52,mid,England,,0,Gleb Savchenko,0.625,0.015434426230089266,0.0021314070835899,10,12,0.25,0.552924442363673,0,1,0,0,0,1,0
16,Sean Lowe,TV Personality,Media,29,young,United States,Texas,1,Peta Murgatroyd,0.7166666666666667,0.07000848991014173,0.0594972132543318,6,12,0.5833333333333333,0.5846705579339349,1,0,0,0,0,1,0
16,Victor Ortiz,Athlete,Athletic,26,young,United States,Kansas,1,Lindsay Arnold,0.6555555555555556,0.03794681399519552,0.0258219485607003,8,12,0.41666666666666663,0.7257961963607469,1,0,0,1,0,0,0
16,Wynonna Judd,Singer/Rapper,Performance,48,mid,United States,Kentucky,1,Tony Dovolani,0.5666666666666667,0.01164926820930245,0.0008504242616009,11,12,0.16666666666666663,0.5490135348123275,0,1,0,0,1,0,0
16,Zendaya,Actor/Actress,Performance,16,young,United States,California,1,Valentin Chmerkovskiy,0.9099993333333334,0.2047357511707948,0.1998632113638117,2,12,0.9166666666666666,0.826236567961457,1,0,0,0,1,0,0
17,Amber Riley,Actor/Actress,Performance,27,young,United States,California,1,Derek Hough,0.9210851515151515,0.24077555843763138,0.2403350369519073,1,12,1.0,1.0,1,0,0,0,1,0,0
17,Bill Engvall,Comedian,Performance,56,senior,United States,Texas,1,Emma Slater,0.7575751515151515,0.16582956962877965,0.1651293484772493,4,12,0.75,0.5208732950627016,0,0,1,0,1,0,0
17,Bill Nye,TV Personality,Media,57,senior,United States,Washington D.C.,1,Tyne Stecklein,0.5222222222222223,0.01958556196005165,0.0095603549912034,11,12,0.16666666666666663,0.1522941330295966,0,0,1,0,0,1,0
17,Brant Daugherty,Actor/Actress,Performance,28,young,United States,Ohio,1,Peta Murgatroyd,0.8604166666666667,0.04902595871486692,0.0335943188954158,7,12,0.5,0.5846705579339349,1,0,0,0,1,0,0
17,Christina Milian,Singer/Rapper,Performance,31,mid,United States,New Jersey,1,Mark Ballas,0.8333333333333334,0.021217001420865775,0.0048208821394046,9,12,0.33333333333333337,0.8159248600498087,0,1,0,0,1,0,0
17,Corbin Bleu,Actor/Actress,Performance,24,young,United States,New York,1,Karina Smirnoff,0.9220948484848485,0.19721259907463431,0.1919704565817561,2,12,0.9166666666666666,0.6247749615162423,1,0,0,0,1,0,0
17,Elizabeth Berkley Lauren,Actor/Actress,Performance,39,mid,United States,Michigan,1,Valentin Chmerkovskiy,0.8851844444444444,0.07302818228947221,0.05945074328854269,6,12,0.5833333333333333,0.826236567961457,0,1,0,0,1,0,0
17,Jack Osbourne,TV Personality,Media,27,young,England,,0,Cheryl Burke,0.8700748484848485,0.17217848727263496,0.1667814779897421,3,12,0.8333333333333334,0.7217516093455022,1,0,0,0,0,1,0
17,Keyshawn Johnson,Athlete,Athletic,41,mid,United States,California,1,Sharna Burgess,0.5833333333333333,0.0048375555165649,9.337240517503064e-05,12,12,0.08333333333333337,0.6695487120850966,0,1,0,1,0,0,0
17,Leah Remini,Actor/Actress,Performance,43,mid,United States,New York,1,Tony Dovolani,0.8295830000000001,0.10351517757397369,0.0939315122429226,5,12,0.6666666666666667,0.5490135348123275,0,1,0,0,1,0,0
17,"Nicole ""Snooki"" Polizzi",TV Personality,Media,25,young,Chile,,0,Sasha Farber,0.8380952380952381,0.03534210919399162,0.0197386775850942,8,12,0.41666666666666663,0.7664535496666708,1,0,0,0,0,1,0
17,Valerie Harper,Actor/Actress,Performance,74,senior,United States,New York,1,Tristan MacManus,0.6166666666666667,0.025657463426497166,0.0145938184515864,10,12,0.25,0.3728328764375568,0,0,1,0,1,0,0
18,Amy Purdy,Athlete,Athletic,34,mid,United States,Nevada,1,Derek Hough,0.9126386666666667,0.21052556695389968,0.20105856630544577,2,12,0.9166666666666666,1.0,0,1,0,1,0,0,0
18,Billy Dee Williams,Actor/Actress,Performance,76,senior,United States,New York,1,Emma Slater,0.5,0.009950737526712,9.142516189282234e-05,10,12,0.25,0.5208732950627016,0,0,1,0,1,0,0
18,Candace Cameron Bure,Actor/Actress,Performance,37,mid,United States,California,1,Mark Ballas,0.8299993333333333,0.1953156355474661,0.1895373133517008,3,12,0.8333333333333334,0.8159248600498087,0,1,0,0,1,0,0
18,Charlie White,Athlete,Athletic,26,young,United States,Michigan,1,Sharna Burgess,0.9023148148148148,0.09373620921499759,0.0773528950325011,5,12,0.6666666666666667,0.6695487120850966,1,0,0,1,0,0,0
18,Cody Simpson,Singer/Rapper,Performance,17,young,Australia,,0,Witney Carson,0.7933333333333333,0.014931599932008849,0.0007435221678151,9,12,0.33333333333333337,0.779750486949806,1,0,0,0,1,0,0
18,Danica McKellar,Actor/Actress,Performance,39,mid,United States,California,1,Valentin Chmerkovskiy,0.878125,0.06205002703661324,0.0434771313257726,6,12,0.5833333333333333,0.826236567961457,0,1,0,0,1,0,0
18,Diana Nyad,Athlete,Athletic,64,senior,United States,New York,1,Henry Byalikov,0.6,,0.0161252609611797,12,12,0.08333333333333337,0.18322405159742775,0,0,1,1,0,0,0
18,Drew Carey,Comedian,Performance,55,mid,United States,Ohio,1,Cheryl Burke,0.7458333333333332,0.04035820650638553,0.0255300884515875,8,12,0.41666666666666663,0.7217516093455022,0,1,0,0,1,0,0
18,James Maslow,Actor/Actress,Performance,23,young,United States,New York,1,Peta Murgatroyd,0.8875,0.14320607420270054,0.1298304867753859,4,12,0.75,0.5846705579339349,1,0,0,0,1,0,0
18,Meryl Davis,Athlete,Athletic,27,young,United States,Michigan,1,Maksim Chmerkoskiy,0.9358333333333334,0.2719585408851724,0.2671989708492578,1,12,1.0,0.7335803208570171,1,0,0,1,0,0,0
18,NeNe Leakes,TV Personality,Media,46,mid,United States,New York,1,Tony Dovolani,0.7892857142857144,0.04683050670537825,0.030548085971876898,7,12,0.5,0.5490135348123275,0,1,0,0,0,1,0
18,Sean Avery,Athlete,Athletic,33,mid,Canada,,0,Karina Smirnoff,0.6833333333333333,0.0320813026708745,0.0185062536455837,11,12,0.16666666666666663,0.6247749615162423,0,1,0,1,0,0,0
19,Alfonso Ribeiro,Actor/Actress,Performance,42,mid,United States,New York,1,Witney Carson,0.9181818181818181,0.24247727837529115,0.2387084905872903,1,13,1.0,0.779750486949806,0,1,0,0,1,0,0
19,Antonio Sabato Jr.,Actor/Actress,Performance,42,mid,Italy,,0,Cheryl Burke,0.7125,0.046553448482169864,0.0347457296669801,8,13,0.46153846153846156,0.7217516093455022,0,1,0,0,1,0,0
19,Bethany Mota,Social Media Personality,Media,18,young,United States,California,1,Derek Hough,0.9011363636363636,0.13453571233695807,0.12308280385665692,4,13,0.7692307692307692,1.0,1,0,0,0,0,1,0
19,Betsey Johnson,Fashion Designer,Performance,72,senior,United States,Connecticut,1,Tony Dovolani,0.6625,0.026335986444001525,0.0148668934349044,10,13,0.3076923076923077,0.5490135348123275,0,0,1,0,1,0,0
19,Janel Parrish,Actor/Actress,Performance,25,young,United States,Hawaii,1,Valentin Chmerkovskiy,0.9045449999999999,0.16322872149402592,0.1541448018841132,3,13,0.8461538461538461,0.826236567961457,1,0,0,0,1,0,0
19,Jonathan Bennett,Actor/Actress,Performance,33,mid,United States,Ohio,1,Allison Holker,0.7166666666666667,0.034968389233629014,0.021840308198564,9,13,0.3846153846153846,0.6600841636224362,0,1,0,0,1,0,0
19,Lea Thompson,Actor/Actress,Performance,53,mid,United States,Minnesota,1,Artem Chigvintsev,0.8472222222222222,0.06317051686580366,0.0486391277346043,6,13,0.6153846153846154,0.6206547665735898,0,1,0,0,1,0,0
19,Lolo Jones,Athlete,Athletic,32,mid,United States,Iowa,1,Keo Motsepe,0.55,0.005033680913709,9.200706266464676e-05,13,13,0.07692307692307687,0.36152267554028206,0,1,0,1,0,0,0
19,Michael Waltrip,Racing Driver,Athletic,51,mid,United States,Kentucky,1,Emma Slater,0.640625,0.06619725370276344,0.0586011752692503,7,13,0.5384615384615384,0.5208732950627016,0,1,0,1,0,0,0
19,Randy Couture,Athlete,Athletic,51,mid,United States,Washington,1,Karina Smirnoff,0.7083333333333334,0.01894113321183777,0.0059499725273131,11,13,0.23076923076923073,0.6247749615162423,0,1,0,1,0,0,0
19,Sadie Robertson,TV Personality,Media,17,young,United States,Louisiana,1,Mark Ballas,0.8791663636363637,0.19613143333507263,0.1906336836103371,2,13,0.9230769230769231,0.8159248600498087,1,0,0,0,0,1,0
19,Tavis Smiley,Radio Personality,Media,50,mid,United States,Mississippi,1,Sharna Burgess,0.7124999999999999,0.01059969035236885,0.0004975030333757,12,13,0.15384615384615385,0.6695487120850966,0,1,0,0,0,1,0
19,Tommy Chong,Comedian,Performance,76,senior,Canada,,0,Peta Murgatroyd,0.7162499999999999,0.11388450996106836,0.1081975031339453,5,13,0.6923076923076923,0.5846705579339349,0,0,1,0,1,0,0
20,Charlotte McKinney,Model,Performance,21,young,United States,Florida,1,Keo Motsepe,0.5833333333333334,0.025638069285916353,0.0142638095568781,11,12,0.16666666666666663,0.36152267554028206,1,0,0,0,1,0,0
20,Chris Soules,TV Personality,Media,33,mid,United States,Iowa,1,Witney Carson,0.709375,0.08986456765204312,0.0798001615496373,5,12,0.6666666666666667,0.779750486949806,0,1,0,0,0,1,0
20,Michael Sam,Athlete,Athletic,25,young,United States,Texas,1,Peta Murgatroyd,0.675,0.025324516301966967,0.0121672277469346,10,12,0.25,0.5846705579339349,1,0,0,1,0,0,0
20,Nastia Liukin,Athlete,Athletic,25,young,Russia,,0,Derek Hough,0.9097222222222222,0.09386263041198603,0.0758810024484947,4,12,0.75,1.0,1,0,0,1,0,0,0
20,Noah Galloway,Motivational Speaker,Media,33,mid,United States,Alabama,1,Sharna Burgess,0.8012499999999999,0.19046735808401793,0.1819599803533959,3,12,0.8333333333333334,0.6695487120850966,0,1,0,0,0,1,0
20,Patti LaBelle,Singer/Rapper,Performance,70,senior,United States,Pennsylvania,1,Artem Chigvintsev,0.6916666666666668,0.04200821029843236,0.0276653458276547,8,12,0.41666666666666663,0.6206547665735898,0,0,1,0,1,0,0
20,Redfoo,Singer/Rapper,Performance,39,mid,United States,California,1,Emma Slater,0.6625000000000001,0.0038779198104762,9.045855543319928e-05,12,12,0.08333333333333337,0.5208732950627016,0,1,0,0,1,0,0
20,Riker Lynch,Actor/Actress,Performance,23,young,United States,Colorado,1,Allison Holker,0.9075,0.2210073423157372,0.2102268689336813,2,12,0.9166666666666666,0.6600841636224362,1,0,0,0,1,0,0
20,Robert Herjavec,Entrepreneur,Other,52,mid,Croatia,,0,Kym Johnson,0.7453125,0.0891529272925607,0.078674431243931,6,12,0.5833333333333333,0.6535080209879351,0,1,0,0,0,0,1
20,Rumer Willis,Actor/Actress,Performance,26,young,United States,Kentucky,1,Valentin Chmerkovskiy,0.90625,0.28824652632347675,0.2815885755425887,1,12,1.0,0.826236567961457,1,0,0,0,1,0,0
20,Suzanne Somers,Actor/Actress,Performance,68,senior,United States,California,1,Tony Dovolani,0.6699999999999999,0.033288308947665046,0.0196396922395515,9,12,0.33333333333333337,0.5490135348123275,0,0,1,0,1,0,0
20,Willow Shields,Actor/Actress,Performance,14,young,United States,New Mexico,1,Mark Ballas,0.8482142857142857,0.037360592835294394,0.018042446001818296,7,12,0.5,0.8159248600498087,1,0,0,0,1,0,0
21,Alek Skarlatos,Military,Athletic,22,young,United States,California,1,Lindsay Arnold,0.8212118181818181,0.17374677296859772,0.1710169471063013,3,13,0.8461538461538461,0.7257961963607469,1,0,0,1,0,0,0
21,Alexa PenaVega,Actor/Actress,Performance,27,young,United States,Florida,1,Mark Ballas,0.8518511111111111,0.10129024793188697,0.0922823799075783,6,13,0.6153846153846154,0.8159248600498087,1,0,0,0,1,0,0
21,Andy Grammer,Singer/Rapper,Performance,31,mid,United States,California,1,Allison Holker,0.8197908333333334,0.05236448611070962,0.0375750541312708,7,13,0.5384615384615384,0.6600841636224362,0,1,0,0,1,0,0
21,Bindi Irwin,TV Personality,Media,17,young,Australia,,0,Derek Hough,0.9280303030303031,0.26631176200684514,0.2665680187822808,1,13,1.0,1.0,1,0,0,0,0,1,0
21,Carlos PenaVega,Actor/Actress,Performance,26,young,United States,Missouri,1,Witney Carson,0.8999993939393939,0.12143462414365183,0.1097707084937615,4,13,0.7692307692307692,0.779750486949806,1,0,0,0,1,0,0
21,Chaka Khan,Singer/Rapper,Performance,62,senior,United States,Illinois,1,Keo Motsepe,0.4666666666666667,0.0065038007806639,9.29260636174904e-05,13,13,0.07692307692307687,0.36152267554028206,0,0,1,0,1,0,0
21,Gary Busey,Actor/Actress,Performance,71,senior,United States,Texas,1,Anna Trebunskaya,0.5520833333333334,0.01431108150594235,0.0037572530032885,10,13,0.3076923076923077,0.5093750394883365,0,0,1,0,1,0,0
21,Hayes Grier,Social Media Personality,Media,15,young,United States,North Carolina,1,Emma Slater,0.7976190476190476,0.0268905321136465,0.009435971358474,8,13,0.46153846153846156,0.5208732950627016,1,0,0,0,0,1,0
21,Kim Zolciak-Biermann,TV Personality,Media,37,mid,United States,Florida,1,Tony Dovolani,0.5083333333333333,0.0224526515693273,0.0106973797060407,11,13,0.23076923076923073,0.5490135348123275,0,1,0,0,0,1,0
21,Nick Carter,Singer/Rapper,Performance,35,mid,United States,New York,1,Sharna Burgess,0.9106060606060606,0.20378945877358384,0.199372371558968,2,13,0.9230769230769231,0.6695487120850966,0,1,0,0,1,0,0
21,Paula Deen,TV Personality,Media,68,senior,United States,Georgia,1,Louis van Amstel,0.5777777777777778,0.02603065386447417,0.0156578351728527,9,13,0.3846153846153846,0.5684428409210787,0,0,1,0,0,1,0
21,Tamar Braxton,Singer/Rapper,Performance,38,mid,United States,Maryland,1,Valentin Chmerkovskiy,0.8537037037037037,0.0845849178163695,0.0721243615045271,5,13,0.6923076923076923,0.826236567961457,0,1,0,0,1,0,0
21,Victor Espinoza,Athlete,Athletic,43,mid,Mexico,,0,Karina Smirnoff,0.5583333333333333,0.0227155442982803,0.0116487932110385,12,13,0.15384615384615385,0.6247749615162423,0,1,0,1,0,0,0
22,Antonio Brown,Athlete,Athletic,27,young,United States,Florida,1,Sharna Burgess,0.7898148148148149,0.10227916894802165,0.0919451390397364,5,12,0.6666666666666667,0.6695487120850966,1,0,0,1,0,0,0
22,Doug Flutie,Athlete,Athletic,53,mid,United States,Maryland,1,Karina Smirnoff,0.6388888888888888,0.0348776417098423,0.0220160783379417,9,12,0.33333333333333337,0.6247749615162423,0,1,0,1,0,0,0
22,Geraldo Rivera,Journalist,Media,72,senior,United States,New York,1,Edyta Sliwinska,0.4333333333333333,0.005552498440666,9.249860401053242e-05,12,12,0.08333333333333337,0.4724139819835949,0,0,1,0,0,1,0
22,Ginger Zee,News Anchor,Media,35,mid,United States,California,1,Valentin Chmerkovskiy,0.8461106666666666,0.17351161998061082,0.166082299160396,3,12,0.8333333333333334,0.826236567961457,0,1,0,0,0,1,0
22,Jodie Sweetin,Actor/Actress,Performance,34,mid,United States,California,1,Keo Motsepe,0.7958333333333334,0.05167026752523087,0.036702668874558,6,12,0.5833333333333333,0.36152267554028206,0,1,0,0,1,0,0
22,Kim Fields,Actor/Actress,Performance,46,mid,United States,New York,1,Sasha Farber,0.7428571428571429,0.04512898503318604,0.0315317508958774,8,12,0.41666666666666663,0.7664535496666708,0,1,0,0,1,0,0
22,Marla Maples,TV Personality,Media,52,mid,United States,Georgia,1,Tony Dovolani,0.6916666666666667,0.016752964953613298,0.0030335849179278,10,12,0.25,0.5490135348123275,0,1,0,0,0,1,0
22,Mischa Barton,Actor/Actress,Performance,30,mid,England,,0,Artem Chigvintsev,0.5444444444444444,0.0124310473305698,0.0024194007777349,11,12,0.16666666666666663,0.6206547665735898,0,1,0,0,1,0,0
22,Nyle DiMarco,Model,Performance,26,young,United States,New York,1,Peta Murgatroyd,0.8691660000000001,0.29529072407806717,0.2977588877607411,1,12,1.0,0.5846705579339349,1,0,0,0,1,0,0
22,Paige VanZant,Athlete,Athletic,22,young,United States,Oregon,1,Mark Ballas,0.869722,0.2199490182512966,0.21454527795938078,2,12,0.9166666666666666,0.8159248600498087,1,0,0,1,0,0,0
22,Von Miller,Athlete,Athletic,27,young,United States,Texas,1,Witney Carson,0.7464285714285713,0.0450719745442874,0.0316332934603045,7,12,0.5,0.779750486949806,1,0,0,1,0,0,0
22,Wanya Morris,Singer/Rapper,Performance,42,mid,United States,Pennsylvania,1,Lindsay Arnold,0.8564814814814815,0.11326063729189707,0.1022391202113903,4,12,0.75,0.7257961963607469,0,1,0,0,1,0,0
23,Amber Rose,Model,Performance,32,mid,United States,Pennsylvania,1,Maksim Chmerkoskiy,0.6875,0.02318000372367805,0.0096302122473361,9,13,0.3846153846153846,0.7335803208570171,0,1,0,0,1,0,0
23,Babyface,Singer/Rapper,Performance,57,senior,United States,Indiana,1,Allison Holker,0.65625,0.0196730931524853,0.0068676375088557,11,13,0.23076923076923073,0.6600841636224362,0,0,1,0,1,0,0
23,Calvin Johnson Jr.,Athlete,Athletic,30,mid,United States,Georgia,1,Lindsay Arnold,0.8530297727272728,0.1718237967376147,0.1647365635400688,3,13,0.8461538461538461,0.7257961963607469,0,1,0,1,0,0,0
23,Jake T. Austin,Actor/Actress,Performance,21,young,United States,New York,1,Jenna Johnson,0.575,0.0036784024358867,9.202846531208072e-05,13,13,0.07692307692307687,0.6478355681919293,1,0,0,0,1,0,0
23,James Hinchcliffe,Racing Driver,Athletic,29,young,Canada,,0,Sharna Burgess,0.9113625757575757,0.20298734870646026,0.1969022362280543,2,13,0.9230769230769231,0.6695487120850966,1,0,0,1,0,0,0
23,Jana Kramer,Singer/Rapper,Performance,32,mid,United States,Michigan,1,Gleb Savchenko,0.8545454545454546,0.14619644509989618,0.1368341870845116,4,13,0.7692307692307692,0.552924442363673,0,1,0,0,1,0,0
23,Laurie Hernandez,Athlete,Athletic,16,young,United States,New Jersey,1,Valentin Chmerkovskiy,0.9140148484848485,0.2537635216358544,0.2507291205440239,1,13,1.0,0.826236567961457,1,0,0,1,0,0,0
23,Marilu Henner,Actor/Actress,Performance,64,senior,United States,Illinois,1,Derek Hough,0.7740740740740741,0.07518751961898058,0.0644506887946177,6,13,0.6153846153846154,1.0,0,0,1,0,1,0,0
23,Maureen McCormick,Actor/Actress,Performance,60,senior,United States,California,1,Artem Chigvintsev,0.7285714285714285,0.029226476496790298,0.0145908688746369,8,13,0.46153846153846156,0.6206547665735898,0,0,1,0,1,0,0
23,Rick Perry,Politician,Other,66,senior,United States,Texas,1,Emma Slater,0.5416666666666666,0.01824614428642535,0.0096855747241163,12,13,0.15384615384615385,0.5208732950627016,0,0,1,0,0,0,1
23,Ryan Lochte,Athlete,Athletic,32,mid,United States,New York,1,Cheryl Burke,0.725,0.04675177769829223,0.0345253168789947,7,13,0.5384615384615384,0.7217516093455022,0,1,0,1,0,0,0
23,Terra Jole,TV Personality,Media,36,mid,United States,Texas,1,Sasha Farber,0.8245833333333333,0.09585857721145487,0.0839286254268999,5,13,0.6923076923076923,0.7664535496666708,0,1,0,0,0,1,0
23,Vanilla Ice,Singer/Rapper,Performance,48,mid,United States,Texas,1,Witney Carson,0.6541666666666667,0.038441900440818966,0.0270269396825714,10,13,0.3076923076923077,0.779750486949806,0,1,0,0,1,0,0
24,Bonner Bolton,Athlete,Athletic,29,young,United States,Texas,1,Sharna Burgess,0.7109375,0.08638574561791623,0.0764639431282417,5,12,0.6666666666666667,0.6695487120850966,1,0,0,1,0,0,0
24,Charo,Actor/Actress,Performance,66,senior,Spain,,0,Keo Motsepe,0.5833333333333334,0.012045672819123249,0.0016278914329365,11,12,0.16666666666666663,0.36152267554028206,0,0,1,0,1,0,0
24,Chris Kattan,Comedian,Performance,46,mid,United States,California,1,Witney Carson,0.48750000000000004,0.0050641920094341,9.177818802392274e-05,12,12,0.08333333333333337,0.779750486949806,0,1,0,0,1,0,0
24,David Ross,Athlete,Athletic,40,mid,United States,Georgia,1,Lindsay Arnold,0.78208325,0.24853435387681522,0.2480521315068797,2,12,0.9166666666666666,0.7257961963607469,0,1,0,1,0,0,0
24,Erika Jayne,Singer/Rapper,Performance,45,mid,United States,Georgia,1,Gleb Savchenko,0.7,0.024943974748683102,0.0102244722542372,9,12,0.33333333333333337,0.552924442363673,0,1,0,0,1,0,0
24,Heather Morris,Actor/Actress,Performance,30,mid,United States,California,1,Maksim Chmerkoskiy,0.8208333333333333,0.02833099431392458,0.0105642105242931,8,12,0.41666666666666663,0.7335803208570171,0,1,0,0,1,0,0
24,Mr. T,Actor/Actress,Performance,64,senior,United States,Illinois,1,Kym Herjavec,0.5875,0.022698505782164733,0.0104117026584772,10,12,0.25,0.2786315254162242,0,0,1,0,1,0,0
24,Nancy Kerrigan,Athlete,Athletic,47,mid,United States,Massachusetts,1,Artem Chigvintsev,0.8125,0.05933421484132876,0.0444294245851986,7,12,0.5,0.6206547665735898,0,1,0,1,0,0,0
24,Nick Viall,TV Personality,Media,36,mid,United States,Wisconsin,1,Peta Murgatroyd,0.7267857142857144,0.06522597342992238,0.0535475673531836,6,12,0.5833333333333333,0.5846705579339349,0,1,0,0,0,1,0
24,Normani,Singer/Rapper,Performance,20,young,United States,Georgia,1,Valentin Chmerkovskiy,0.897083,0.18141282557274316,0.1694523688898639,3,12,0.8333333333333334,0.826236567961457,1,0,0,0,1,0,0
24,Rashad Jennings,Athlete,Athletic,32,mid,United States,Virginia,1,Emma Slater,0.8791665,0.2930666508763519,0.2908310106937791,1,12,1.0,0.5208732950627016,0,1,0,1,0,0,0
24,Simone Biles,Athlete,Athletic,20,young,United States,Ohio,1,Sasha Farber,0.8791666666666667,0.10026653156941956,0.0843034987848851,4,12,0.75,0.7664535496666708,1,0,0,1,0,0,0
25,Barbara Corcoran,Entrepreneur,Other,68,senior,United States,New Jersey,1,Keo Motsepe,0.5166666666666666,0.0063576267632851,9.212008325166544e-05,13,13,0.07692307692307687,0.36152267554028206,0,0,1,0,0,0,1
25,Debbie Gibson,Singer/Rapper,Performance,47,mid,United States,New York,1,Alan Bersten,0.625,0.023190900995601,0.0107984407879979,12,13,0.15384615384615385,0.7364056525337117,0,1,0,0,1,0,0
25,Derek Fisher,Athlete,Athletic,43,mid,United States,Arkansas,1,Sharna Burgess,0.675,0.01253622893248115,0.0027900060266245,11,13,0.23076923076923073,0.6695487120850966,0,1,0,1,0,0,0
25,Drew Scott,TV Personality,Media,39,mid,Canada,,0,Emma Slater,0.7837500000000001,0.1497185246464339,0.1431541062030424,4,13,0.7692307692307692,0.5208732950627016,0,1,0,0,0,1,0
25,Frankie Muniz,Actor/Actress,Performance,31,mid,United States,New Jersey,1,Witney Carson,0.8380550833333335,0.1743323743881187,0.1678863357671482,3,13,0.8461538461538461,0.779750486949806,0,1,0,0,1,0,0
25,Jordan Fisher,Actor/Actress,Performance,23,young,United States,Alabama,1,Lindsay Arnold,0.9175000000000001,0.25900078519544245,0.2560561203641994,1,13,1.0,0.7257961963607469,1,0,0,0,1,0,0
25,Lindsey Stirling,Musician,Performance,31,mid,United States,California,1,Mark Ballas,0.8883333333333333,0.20391718962611194,0.1981653620862846,2,13,0.9230769230769231,0.8159248600498087,0,1,0,0,1,0,0
25,Nick Lachey,Singer/Rapper,Performance,43,mid,United States,Kentucky,1,Peta Murgatroyd,0.6749999999999999,0.03957624598179895,0.028707061817475,9,13,0.3846153846153846,0.5846705579339349,0,1,0,0,1,0,0
25,Nikki Bella,Athlete,Athletic,33,mid,United States,California,1,Artem Chigvintsev,0.7738095238095238,0.042452765835527276,0.0288546449323261,8,13,0.46153846153846156,0.6206547665735898,0,1,0,1,0,0,0
25,Sasha Pieterse,Actor/Actress,Performance,21,young,South Africa,,0,Gleb Savchenko,0.7166666666666667,0.018694114391203966,0.0046503360142533,10,13,0.3076923076923077,0.552924442363673,1,0,0,0,1,0,0
25,Terrell Owens,Athlete,Athletic,43,mid,United States,Alabama,1,Cheryl Burke,0.759375,0.056510911798139406,0.0428749942102179,6,13,0.6153846153846154,0.7217516093455022,0,1,0,1,0,0,0
25,Vanessa Lachey,TV Personality,Media,36,mid,Philippines,,0,Maksim Chmerkoskiy,0.8071428571428572,0.055079583714834145,0.0419991664847772,7,13,0.5384615384615384,0.7335803208570171,0,1,0,0,0,1,0
25,Victoria Arlen,Athlete,Athletic,22,young,United States,New Hamshire,1,Valentin Chmerkovskiy,0.8175925925925926,0.08693049684083536,0.0739713052224013,5,13,0.6923076923076923,0.826236567961457,1,0,0,1,0,0,0
26,Adam Rippon,Athlete,Athletic,28,young,United States,Pennsylvania,1,Jenna Johnson,0.9291666666666667,0.3615732811680572,0.3631172672609966,1,10,1.0,0.6478355681919293,1,0,0,1,0,0,0
26,Arike Ogunbowale,Athlete,Athletic,21,young,United States,Wisconsin,1,Gleb Savchenko,0.7708333333333333,0.0417263353911109,0.0251575771447027,7,10,0.4,0.552924442363673,1,0,0,1,0,0,0
26,Chris Mazdzer,Athlete,Athletic,29,young,United States,Massachusetts,1,Witney Carson,0.7833333333333332,0.07901828522300663,0.0650708695852606,5,10,0.6,0.779750486949806,1,0,0,1,0,0,0
26,Jamie Anderson,Athlete,Athletic,27,young,United States,California,1,Artem Chigvintsev,0.6333333333333333,0.0168551880501749,0.0007538384775975,10,10,0.09999999999999998,0.6206547665735898,1,0,0,1,0,0,0
26,Jennie Finch Daigle,Athlete,Athletic,37,mid,United States,California,1,Keo Motsepe,0.7374999999999999,0.080954758810737,0.0688809660035982,6,10,0.5,0.36152267554028206,0,1,0,1,0,0,0
26,Johnny Damon,Athlete,Athletic,44,mid,United States,Kansas,1,Emma Slater,0.6,0.0141849646778519,9.25275673798276e-05,9,10,0.19999999999999996,0.5208732950627016,0,1,0,1,0,0,0
26,Josh Norman,Athlete,Athletic,30,mid,United States,South Carolina,1,Sharna Burgess,0.871875,0.24940281924090119,0.242974189785467,2,10,0.9,0.6695487120850966,0,1,0,1,0,0,0
26,Kareem Abdul-Jabbar,Athlete,Athletic,71,senior,United States,New York,1,Lindsay Arnold,0.6520833333333333,0.03917510291820145,0.0246970848510939,8,10,0.30000000000000004,0.7257961963607469,0,0,1,1,0,0,0
26,Mirai Nagasu,Athlete,Athletic,25,young,United States,California,1,Alan Bersten,0.8555555555555556,0.07596031911068864,0.05888542231247299,4,10,0.7,0.7364056525337117,1,0,0,1,0,0,0
26,Tonya Harding,Athlete,Athletic,47,mid,United States,Oregon,1,Sasha Farber,0.85,0.1638631198960535,0.1503702570114302,3,10,0.8,0.7664535496666708,0,1,0,1,0,0,0
27,Alexis Ren,Social Media Personality,Media,21,young,United States,California,1,Alan Bersten,0.8833333333333333,0.11759934133122185,0.1084079531027138,4,13,0.7692307692307692,0.7364056525337117,1,0,0,0,0,1,0
27,Bobby Bones,Radio Personality,Media,38,mid,United States,Arkansas,1,Sharna Burgess,0.7462962962962963,0.2569999100279417,0.2655469697402866,1,13,1.0,0.6695487120850966,0,1,0,0,0,1,0
27,Danelle Umstead,Athlete,Athletic,46,mid,United States,New Mexico,1,Artem Chigvintsev,0.6083333333333334,0.01457594270052495,0.004465260509926,12,13,0.15384615384615385,0.6206547665735898,0,1,0,1,0,0,0
27,DeMarcus Ware,Athlete,Athletic,36,mid,United States,Alabama,1,Lindsay Arnold,0.8238095238095238,0.0554200497931319,0.04337902555111169,7,13,0.5384615384615384,0.7257961963607469,0,1,0,1,0,0,0
27,Evanna Lynch,Actor/Actress,Performance,27,young,Ireland,,0,Keo Motsepe,0.8685185185185185,0.14320438761836735,0.1355449617947498,3,13,0.8461538461538461,0.36152267554028206,1,0,0,0,1,0,0
27,Joe Amabile,TV Personality,Media,32,mid,United States,Illinois,1,Jenna Johnson,0.625,0.10159303724643025,0.0999016237804519,6,13,0.6153846153846154,0.6478355681919293,0,1,0,0,0,1,0
27,John Schneider,Actor/Actress,Performance,58,senior,United States,New York,1,Emma Slater,0.7214285714285714,0.0752055633238038,0.0687647256424331,8,13,0.46153846153846156,0.5208732950627016,0,0,1,0,1,0,0
27,Juan Pablo Di Pace,Actor/Actress,Performance,39,mid,Argentina,,0,Cheryl Burke,0.9125,0.08386826015455817,0.0721213220133069,5,13,0.6923076923076923,0.7217516093455022,0,1,0,0,1,0,0
27,Mary Lou Retton,Athlete,Athletic,50,mid,United States,West Virginia,1,Sasha Farber,0.7888888888888889,0.02965120015950668,0.014619656777310702,9,13,0.3846153846153846,0.7664535496666708,0,1,0,1,0,0,0
27,Milo Manheim,Actor/Actress,Performance,17,young,United States,California,1,Witney Carson,0.9092592592592593,0.18290395457759168,0.1781231336224292,2,13,0.9230769230769231,0.779750486949806,1,0,0,0,1,0,0
27,Nancy McKeon,Actor/Actress,Performance,52,mid,United States,New York,1,Valentin Chmerkovskiy,0.6888888888888888,0.017893617431206068,0.0052967727770581,11,13,0.23076923076923073,0.826236567961457,0,1,0,0,1,0,0
27,Nikki Glaser,Comedian,Performance,34,mid,United States,Ohio,1,Gleb Savchenko,0.5833333333333334,0.0045551444056816,9.31626828666602e-05,13,13,0.07692307692307687,0.552924442363673,0,1,0,0,1,0,0
27,Tinashe,Singer/Rapper,Performance,25,young,United States,Kentucky,1,Brandon Armstrong,0.8500000000000001,0.0191781520381498,0.0037354320053551,10,13,0.3076923076923077,0.5588951376706813,1,0,0,0,1,0,0
28,Ally Brooke,Singer/Rapper,Performance,26,young,United States,Texas,1,Sasha Farber,0.856060606060606,0.16462842987708476,0.1452322610006051,3,12,0.8333333333333334,0.7664535496666708,1,0,0,0,1,0,0
28,Hannah Brown,TV Personality,Media,24,young,United States,Alabama,1,Alan Bersten,0.8412872727272728,0.17253170691733308,0.1541852667231384,1,12,1.0,0.7364056525337117,1,0,0,0,0,1,0
28,James Van Der Beek,Actor/Actress,Performance,42,mid,United States,Connecticut,1,Emma Slater,0.831666,0.142338501790429,0.132853245388602,5,12,0.6666666666666667,0.5208732950627016,0,1,0,0,1,0,0
28,Karamo Brown,TV Personality,Media,38,mid,United States,Texas,1,Jenna Johnson,0.6833333333333333,0.029426233837892276,0.011828950916079,8,12,0.41666666666666663,0.6478355681919293,0,1,0,0,0,1,0
28,Kate Flannery,Actor/Actress,Performance,55,mid,United States,Pennsylvania,1,Pasha Pashkov,0.7520825,0.06363440828013137,0.0489271834376567,7,12,0.5,0.4171900108141824,0,1,0,0,1,0,0
28,Kel Mitchell,Actor/Actress,Performance,41,mid,United States,Illinois,1,Witney Carson,0.828029696969697,0.17640967366587224,0.1581602953060635,2,12,0.9166666666666666,0.779750486949806,0,1,0,0,1,0,0
28,Lamar Odom,Athlete,Athletic,39,mid,United States,New York,1,Peta Murgatroyd,0.41666666666666663,0.02215238648942645,0.0123448275321932,10,12,0.25,0.5846705579339349,0,1,0,1,0,0,0
28,Lauren Alaina,Singer/Rapper,Performance,24,young,United States,Georgia,1,Gleb Savchenko,0.7992424242424242,0.1973886236589647,0.1812440139439182,4,12,0.75,0.552924442363673,1,0,0,0,1,0,0
28,Mary Wilson,Singer/Rapper,Performance,75,senior,United States,Nevada,1,Brandon Armstrong,0.5333333333333333,0.0213389779309996,0.010128968751459,12,12,0.08333333333333337,0.5588951376706813,0,0,1,0,1,0,0
28,Ray Lewis,Athlete,Athletic,44,mid,United States,Florida,1,Cheryl Burke,0.5,0.0225791024346898,0.0116485200756083,11,12,0.16666666666666663,0.7217516093455022,0,1,0,1,0,0,0
28,Sailor Brinkley-Cook,Model,Performance,21,young,United States,New York,1,Valentin Chmerkovskiy,0.7402777777777777,0.04256161319246813,0.0267048173126663,9,12,0.33333333333333337,0.826236567961457,1,0,0,0,1,0,0
28,Sean Spicer,Politician,Other,48,mid,United States,New York,1,Lindsay Arnold,0.587037037037037,0.11069639080646436,0.1067416496120099,6,12,0.5833333333333333,0.7257961963607469,0,1,0,0,0,0,1
29,AJ McLean,Singer/Rapper,Performance,42,mid,United States,Florida,1,Cheryl Burke,0.7814807407407407,0.06368480455001113,0.0534046402915449,7,15,0.6,0.7217516093455022,0,1,0,0,1,0,0
29,Anne Heche,Actor/Actress,Performance,51,mid,United States,Ohio,1,Keo Motsepe,0.6,0.013111357463330366,0.002153327951266,13,15,0.19999999999999996,0.36152267554028206,0,1,0,0,1,0,0
29,Carole Baskin,TV Personality,Media,59,senior,United States,Texas,1,Pasha Pashkov,0.4333333333333333,0.01375329402379045,0.005199994547101,14,15,0.1333333333333333,0.4171900108141824,0,0,1,0,0,1,0
29,Charles Oakley,Athlete,Athletic,56,senior,United States,Ohio,1,Emma Slater,0.45,0.0078934360951103,9.227096035898547e-05,15,15,0.06666666666666665,0.5208732950627016,0,0,1,1,0,0,0
29,Chrishell Stause,Actor/Actress,Performance,39,mid,United States,Kentucky,1,Gleb Savchenko,0.7125,0.0361973922296504,0.0245837931076516,8,15,0.5333333333333333,0.552924442363673,0,1,0,0,1,0,0
29,Jeannie Mai,TV Personality,Media,41,mid,United States,California,1,Brandon Armstrong,0.7285714285714285,0.04388136105124418,0.0336204212474347,9,15,0.4666666666666667,0.5588951376706813,0,1,0,0,0,1,0
29,Jesse Metcalfe,Actor/Actress,Performance,41,mid,United States,California,1,Sharna Burgess,0.6533333333333333,0.018519603185967324,0.0070101660344976,12,15,0.2666666666666667,0.6695487120850966,0,1,0,0,1,0,0
29,Johnny Weir,Athlete,Athletic,36,mid,United States,Pennsylvania,1,Britt Stewart,0.835,0.08683748288379137,0.0771853975112068,6,15,0.6666666666666667,0.3824192284541147,0,1,0,1,0,0,0
29,Justina Machado,Actor/Actress,Performance,48,mid,United States,Illinois,1,Sasha Farber,0.8363624242424244,0.12594903551264122,0.1182726447315008,4,15,0.8,0.7664535496666708,0,1,0,0,1,0,0
29,Kaitlyn Bristowe,TV Personality,Media,35,mid,Canada,,0,Artem Chigvintsev,0.8666666666666667,0.19593489302370265,0.1930038067847101,1,15,1.0,0.6206547665735898,0,1,0,0,0,1,0
29,Monica Aldama,TV Personality,Media,48,mid,United States,Alabama,1,Valentin Chmerkovskiy,0.7380952380952381,0.038994320767765385,0.0278659063932967,10,15,0.4,0.826236567961457,0,1,0,0,0,1,0
29,Nelly,Singer/Rapper,Performance,45,mid,United States,Texas,1,Daniella Karagach,0.7651515151515151,0.22359818928110187,0.2256920634091662,3,15,0.8666666666666667,0.8410026797642882,0,1,0,0,1,0,0
29,Nev Schulman,Producer,Other,35,mid,United States,New York,1,Jenna Johnson,0.8787872727272728,0.13500654485558464,0.1265743758018493,2,15,0.9333333333333333,0.6478355681919293,0,1,0,0,0,0,1
29,Skai Jackson,Actor/Actress,Performance,18,young,United States,New York,1,Alan Bersten,0.7849986666666666,0.09719695726257166,0.090702639750655,5,15,0.7333333333333334,0.7364056525337117,1,0,0,0,1,0,0
29,Veron Davis,Athlete,Athletic,36,mid,United States,Washington D.C.,1,Peta Murgatroyd,0.6722222222222222,0.025975325950834384,0.014638551477759798,11,15,0.33333333333333337,0.5846705579339349,0,1,0,1,0,0,0
30,Amanda Kloots,TV Personality,Media,39,mid,United States,Ohio,1,Alan Bersten,0.89375,0.11980692156736485,0.1081157869302936,4,15,0.8,0.7364056525337117,0,1,0,0,0,1,0
30,Brian Austin Green,Actor/Actress,Performance,48,mid,United States,California,1,Sharna Burgess,0.6145833333333333,0.0339200452244176,0.0253023484289838,13,15,0.19999999999999996,0.6695487120850966,0,1,0,0,1,0,0
30,Christine Chiu,TV Personality,Media,38,mid,Taiwan China,,0,Pasha Pashkov,0.6416666666666666,0.00978281372391745,0.0005156400407144,14,15,0.1333333333333333,0.4171900108141824,0,1,0,0,0,1,0
30,Cody Rigsby,Fitness Instructor,Athletic,34,mid,United States,California,1,Cheryl Burke,0.79125,0.227744433511005,0.2261466421444986,3,15,0.8666666666666667,0.7217516093455022,0,1,0,1,0,0,0
30,Iman Shumpert,Athlete,Athletic,31,mid,United States,Illinois,1,Daniella Karagach,0.7933333333333333,0.20651221921357113,0.2038818150849761,1,15,1.0,0.8410026797642882,0,1,0,1,0,0,0
30,Jimmie Allen,Singer/Rapper,Performance,36,mid,United States,Delaware,1,Emma Slater,0.7817708333333333,0.06664454449394633,0.0564660950304963,7,15,0.6,0.5208732950627016,0,1,0,0,1,0,0
30,JoJo Siwa,Social Media Personality,Media,18,young,United States,Nebraska,1,Jenna Johnson,0.9175000000000001,0.1339417579261618,0.1221736136394227,2,15,0.9333333333333333,0.6478355681919293,1,0,0,0,0,1,0
30,Kenya Moore,TV Personality,Media,50,mid,United States,Michigan,1,Brandon Armstrong,0.7312500000000001,0.03322300018299898,0.0218556878267283,10,15,0.4,0.5588951376706813,0,1,0,0,0,1,0
30,Martin Kove,Actor/Actress,Performance,75,senior,United States,New York,1,Britt Stewart,0.35,0.0055798490919718,9.046395003052788e-05,15,15,0.06666666666666665,0.3824192284541147,0,0,1,0,1,0,0
30,Matt James,Athlete,Athletic,29,young,United States,North Carolina,1,Lindsay Arnold,0.6322916666666667,0.035748898647275235,0.0264982157149296,12,15,0.2666666666666667,0.7257961963607469,1,0,0,1,0,0,0
30,Melanie C,Singer/Rapper,Performance,47,mid,England,,0,Gleb Savchenko,0.7766666666666666,0.014806258907313526,0.0012071323489814,11,15,0.33333333333333337,0.552924442363673,0,1,0,0,1,0,0
30,Melora Hardin,Actor/Actress,Performance,54,mid,United States,Texas,1,Artem Chigvintsev,0.850462962962963,0.07802140525990506,0.0667924761189543,6,15,0.6666666666666667,0.6206547665735898,0,1,0,0,1,0,0
30,"Mike ""The Miz"" Mizanin",Athlete,Athletic,40,mid,United States,Ohio,1,Witney Carson,0.7494047619047619,0.045506177863892446,0.0347074379174287,9,15,0.4666666666666667,0.779750486949806,0,1,0,1,0,0,0
30,Olivia Jade,Social Media Personality,Media,21,young,United States,California,1,Valentin Chmerkovskiy,0.8406250000000001,0.052380480577976105,0.0399190446575033,8,15,0.5333333333333333,0.826236567961457,1,0,0,0,0,1,0
30,Suni Lee,Athlete,Athletic,18,young,United States,Minnesota,1,Sasha Farber,0.8430555555555556,0.07725952257148573,0.0663276001660577,5,15,0.7333333333333334,0.7664535496666708,1,0,0,1,0,0,0
31,Charli D'Amelio,Social Media Personality,Media,18,young,United States,Connecticut,1,Mark Ballas,0.9475,0.21758097812335025,0.21489846649362948,1,16,1.0,0.8159248600498087,1,0,0,0,0,1,0
31,Cheryl Ladd,Actor/Actress,Performance,71,senior,United States,South Dakota,1,Louis van Amstel,0.5499999999999999,0.011810407875702965,0.0024375368162179,14,16,0.1875,0.5684428409210787,0,0,1,0,1,0,0
31,Daniel Durant,Actor/Actress,Performance,32,mid,United States,Michigan,1,Britt Stewart,0.8152777777777778,0.08750612750754784,0.0804231154184025,5,16,0.75,0.3824192284541147,0,1,0,0,1,0,0
31,Gabby Windey,TV Personality,Media,31,mid,United States,Illinois,1,Valentin Chmerkovskiy,0.90625,0.14659520442361096,0.1397679830069725,2,16,0.9375,0.826236567961457,0,1,0,0,0,1,0
31,Heidi D'Amelio,Social Media Personality,Media,50,mid,United States,Louisiana,1,Artem Chigvintsev,0.821875,0.05947780827507436,0.0500703864845009,8,16,0.5625,0.6206547665735898,0,1,0,0,0,1,0
31,Jason Lewis,Actor/Actress,Performance,51,mid,United States,California,1,Peta Murgatroyd,0.45,0.0052059190522627,9.207448102095037e-05,16,16,0.0625,0.5846705579339349,0,1,0,0,1,0,0
31,Jessie James Decker,Singer/Rapper,Performance,34,mid,Italy,,0,Alan Bersten,0.7083333333333334,0.02975556445340675,0.0197953668083131,10,16,0.4375,0.7364056525337117,0,1,0,0,1,0,0
31,Jordin Sparks,Singer/Rapper,Performance,32,mid,United States,Arizona,1,Brandon Armstrong,0.7857142857142857,0.03781048797462917,0.0269838882672374,9,16,0.5,0.5588951376706813,0,1,0,0,1,0,0
31,Joseph Baena,Actor/Actress,Performance,24,young,United States,California,1,Daniella Karagach,0.695,0.01904774844864502,0.0083353819652048,11,16,0.375,0.8410026797642882,1,0,0,0,1,0,0
31,Sam Champion,News Anchor,Media,61,senior,United States,Kentucky,1,Cheryl Burke,0.6,0.021087657065332874,0.0118113560851929,13,16,0.25,0.7217516093455022,0,0,1,0,0,1,0
31,Selma Blair,Actor/Actress,Performance,50,mid,United States,Michigan,1,Sasha Farber,0.78,0.03331758621635978,0.0224175224950508,12,16,0.3125,0.7664535496666708,0,1,0,0,1,0,0
31,Shangela,TV Personality,Media,40,mid,United States,Texas,1,Gleb Savchenko,0.8637499999999999,0.11756339493168437,0.1096841482837061,4,16,0.8125,0.552924442363673,0,1,0,0,0,1,0
31,Teresa Giudice,TV Personality,Media,50,mid,United States,New Jersey,1,Pasha Pashkov,0.5375,0.0083832364330349,0.000438718190058,15,16,0.125,0.4171900108141824,0,1,0,0,0,1,0
31,Trevor Donovan,Actor/Actress,Performance,39,mid,United States,California,1,Emma Slater,0.7958333333333333,0.08241573630286392,0.0755201122779789,6,16,0.6875,0.5208732950627016,0,1,0,0,1,0,0
31,Vinny Guadagnino,TV Personality,Media,34,mid,United States,New York,1,Koko Iwasaki,0.6734375,0.06361032173423181,0.0585151698288414,7,16,0.625,0.28712555726163147,0,1,0,0,0,1,0
31,Wayne Brady,Comedian,Performance,50,mid,United States,Georgia,1,Witney Carson,0.90625,0.18218146911707483,0.1788087730976718,3,16,0.875,0.779750486949806,0,1,0,0,1,0,0
32,Adrian Peterson,Athlete,Athletic,38,mid,United States,Texas,1,Britt Stewart,0.5875,0.026277816196825177,0.0148218004112771,11,14,0.2857142857142857,0.3824192284541147,0,1,0,1,0,0,0
32,Alyson Hannigan,Actor/Actress,Performance,49,mid,United States,Washington D.C.,1,Sasha Farber,0.7318181818181819,0.14509202429978468,0.142918033799855,5,14,0.7142857142857143,0.7664535496666708,0,1,0,0,1,0,0
32,Ariana Madix,TV Personality,Media,38,mid,United States,Florida,1,Pasha Pashkov,0.884090909090909,0.14240012327025975,0.1352545471558433,3,14,0.8571428571428572,0.4171900108141824,0,1,0,0,0,1,0
32,Barry Williams,Actor/Actress,Performance,68,senior,United States,California,1,Peta Murgatroyd,0.6932291666666667,0.0837700386779253,0.0775077470887967,7,14,0.5714285714285714,0.5846705579339349,0,0,1,0,1,0,0
32,Charity Lawson,TV Personality,Media,27,young,United States,Georgia,1,Artem Chigvintsev,0.8825757575757575,0.11678265829791172,0.10695048436189042,4,14,0.7857142857142857,0.6206547665735898,1,0,0,0,0,1,0
32,Harry Jowsey,TV Personality,Media,26,young,Australia,,0,Rylee Arnold,0.6416666666666667,0.13165579471084532,0.1298672704335693,6,14,0.6428571428571428,0.6404123395292711,1,0,0,0,0,1,0
32,Jamie Lynn Spears,Actor/Actress,Performance,32,mid,United States,Mississippi,1,Alan Bersten,0.5166666666666666,0.00977965685223345,0.0006872434894816,13,14,0.1428571428571429,0.7364056525337117,0,1,0,0,1,0,0
32,Jason Mraz,Singer/Rapper,Performance,46,mid,United States,Virginia,1,Daniella Karagach,0.8886363636363637,0.14265485735389083,0.1353293917962484,2,14,0.9285714285714286,0.8410026797642882,0,1,0,0,1,0,0
32,Lele Pons,Social Media Personality,Media,27,young,Venezuela,,0,Brandon Armstrong,0.7684523809523809,0.03392910721916199,0.018869397588312,8,14,0.5,0.5588951376706813,1,0,0,0,0,1,0
32,Matt Walsh,Comedian,Performance,58,senior,United States,Illinois,1,Koko Iwasaki,0.4,0.0075657257193877,9.278132160698213e-05,14,14,0.0714285714285714,0.28712555726163147,0,0,1,0,1,0,0
32,Mauricio Umansky,TV Personality,Media,53,mid,Mexico,,0,Emma Slater,0.6222222222222222,0.045645272846535336,0.0363743774186947,9,14,0.4285714285714286,0.5208732950627016,0,1,0,0,0,1,0
32,Mira Sorvino,Actor/Actress,Performance,55,mid,United States,New York,1,Gleb Savchenko,0.65,0.02875299715289738,0.0160378606395124,10,14,0.3571428571428571,0.552924442363673,0,1,0,0,1,0,0
32,Tyson Beckford,Model,Performance,52,mid,United States,New York,1,Jenna Johnson,0.5,0.0171195274100153,0.0067104204353218,12,14,0.2142857142857143,0.6478355681919293,0,1,0,0,1,0,0
32,Xochitl Gomez,Actor/Actress,Performance,17,young,United States,California,1,Valentin Chmerkovskiy,0.9121212121212121,0.18369056461414784,0.1785786440595896,1,14,1.0,0.826236567961457,1,0,0,0,1,0,0
33,Anna Delvey,Con artist,Other,33,mid,Russia,,0,Ezra Sosa,0.5833333333333333,0.0093971167236943,9.142412208288724e-05,12,13,0.15384615384615385,0.59281051221747,0,1,0,0,0,0,1
33,Brooks Nader,Model,Performance,27,young,United States,New York,1,Gleb Savchenko,0.7072916666666667,0.024232239418138166,0.0082489955564394,9,13,0.3846153846153846,0.552924442363673,1,0,0,0,1,0,0
33,Chandler Kinney,Actor/Actress,Performance,24,young,United States,California,1,Brandon Armstrong,0.9069444444444446,0.0877174575939036,0.0710620824571141,3,13,0.8461538461538461,0.5588951376706813,1,0,0,0,1,0,0
33,Danny Amendola,Athlete,Athletic,39,mid,United States,Texas,1,Witney Carson,0.8314814814814815,0.16113911455501784,0.1535646358737115,5,13,0.6923076923076923,0.779750486949806,0,1,0,1,0,0,0
33,Dwight Howard,Athlete,Athletic,38,mid,United States,Georgia,1,Daniella Karagach,0.7821428571428571,0.09787097033684393,0.0876360479354834,6,13,0.6153846153846154,0.8410026797642882,0,1,0,1,0,0,0
33,Eric Roberts,Actor/Actress,Performance,68,senior,United States,California,1,Britt Stewart,0.525,0.03779557091469415,0.029454767528287,10,13,0.3076923076923077,0.3824192284541147,0,0,1,0,1,0,0
33,Ilona Maher,Athlete,Athletic,28,young,United States,California,1,Alan Bersten,0.8037037037037037,0.260892317334909,0.2615963772504746,2,13,0.9230769230769231,0.7364056525337117,1,0,0,1,0,0,0
33,Jenn Tran,TV Personality,Media,26,young,United States,Florida,1,Sasha Farber,0.7875,0.04160990004279806,0.0252936562924279,7,13,0.5384615384615384,0.7664535496666708,1,0,0,0,0,1,0
33,Joey Graziadei,TV Personality,Media,29,young,United States,Louisiana,1,Jenna Johnson,0.8898148148148147,0.18552903121907707,0.1770964385096483,1,13,1.0,0.6478355681919293,1,0,0,0,0,1,0
33,Phaedra Parks,TV Personality,Media,51,mid,United States,Georgia,1,Val Chmerkovskiy,0.7266666666666667,0.04113998400330748,0.0264735859836779,8,13,0.46153846153846156,0.80691316681283,0,1,0,0,0,1,0
33,Reginald VelJohnson,Actor/Actress,Performance,74,senior,United States,New York,1,Emma Slater,0.5194444444444445,0.03889896284498165,0.0311645495333491,10,13,0.3076923076923077,0.5208732950627016,0,0,1,0,1,0,0
33,Stephen Nedoroscik,Athlete,Athletic,26,young,United States,Florida,1,Rylee Arnold,0.837037037037037,0.131145498743625,0.1213142035500667,4,13,0.7692307692307692,0.6404123395292711,1,0,0,1,0,0,0
33,Tori Spelling,Actor/Actress,Performance,51,mid,United States,California,1,Pasha Pashkov,0.6,0.0197179031285275,0.0070032354072368,12,13,0.15384615384615385,0.4171900108141824,0,1,0,0,1,0,0
34,Alix Earle,Social media personality,Media,24,young,United States,Florida,1,Val Chmerkovskiy,0.8791666666666668,0.1063499536654197,0.0941636576559583,2,14,0.9285714285714286,0.80691316681283,1,0,0,0,0,1,0
34,Andy Richter,Comedian,Performance,59,senior,United States,California,1,Emma Slater/Kaitlyn Bristowe,0.6398148148148147,0.09409019571290145,0.0883503005473617,7,14,0.5714285714285714,0.5466456977893108,0,0,1,0,1,0,0
34,Baron Davis,Athlete,Athletic,46,mid,United States,California,1,Britt Stewart,0.55,0.0204748724609409,0.0097235123358978,13,14,0.1428571428571429,0.3824192284541147,0,1,0,1,0,0,0
34,Corey Feldman,Actor/Actress,Performance,54,mid,United States,California,1,Jenna Johnson,0.475,0.0159208292199717,0.0068347183354764,13,14,0.1428571428571429,0.6478355681919293,0,1,0,0,1,0,0
34,Danielle Fishel,Actor/Actress,Performance,44,mid,United States,California,1,Pasha Pashkov,0.7572916666666667,0.06732716204081289,0.0560997764673529,8,14,0.5,0.4171900108141824,0,1,0,0,1,0,0
34,Dylan Efron,TV Personality,Media,33,mid,United States,California,1,Daniella Karagach,0.8404036363636365,0.16237489312186348,0.1545309754252916,4,14,0.7857142857142857,0.8410026797642882,0,1,0,0,0,1,0
34,Elaine Hendrix,Actor/Actress,Performance,55,mid,United States,Georgia,1,Alan Bersten,0.8185600000000001,0.15123480680480006,0.1435600011787494,5,14,0.7142857142857143,0.7364056525337117,0,1,0,0,1,0,0
34,Hilaria Baldwin,Entrepreneur,Other,41,mid,United States,New York,1,Gleb Savchenko,0.725,0.014422506500739299,0.0007426131334445,11,14,0.2857142857142857,0.552924442363673,0,1,0,0,0,0,1
34,Jen Affleck,TV Personality,Media,26,young,United States,Utah,1,Jan Ravnik,0.7297619047619047,0.03329269995516574,0.0196581223134756,9,14,0.4285714285714286,0.5519719955532467,1,0,0,0,0,1,0
34,Jordan Chiles,Athlete,Athletic,24,young,United States,Texas,1,Ezra Sosa,0.8588381818181818,0.16060465763562545,0.1532743534062457,3,14,0.8571428571428572,0.59281051221747,1,0,0,1,0,0,0
34,Lauren Jauregui,Singer/Rapper,Performance,29,young,United States,Florida,1,Brandon Armstrong,0.65,0.014282975738438349,0.0009449757974042001,12,14,0.2142857142857143,0.5588951376706813,1,0,0,0,1,0,0
34,Robert Irwin,Conservationist,Other,22,young,Australia,,0,Witney Carson,0.8838381818181819,0.19955251443790833,0.1940950912032319,1,14,1.0,0.779750486949806,1,0,0,0,0,0,1
34,Scott Hoying,Singer/Rapper,Performance,34,mid,United States,California,1,Rylee Arnold,0.6638888888888889,0.049096151029200924,0.0386417001719931,10,14,0.3571428571428571,0.6404123395292711,0,1,0,0,1,0,0
34,Whitney Leavitt,TV Personality,Media,32,mid,United States,Utah,1,Mark Ballas,0.8970833333333333,0.05565961877770183,0.039380202028116,6,14,0.6428571428571428,0.8159248600498087,0,1,0,0,0,1,0
